-- phpMyAdmin SQL Dump
-- version 5.2.1
-- https://www.phpmyadmin.net/
--
-- Host: 127.0.0.1
-- Generation Time: Dec 14, 2023 at 10:37 AM
-- Server version: 10.4.28-MariaDB
-- PHP Version: 8.1.17

SET SQL_MODE = "NO_AUTO_VALUE_ON_ZERO";
START TRANSACTION;
SET time_zone = "+00:00";


/*!40101 SET @OLD_CHARACTER_SET_CLIENT=@@CHARACTER_SET_CLIENT */;
/*!40101 SET @OLD_CHARACTER_SET_RESULTS=@@CHARACTER_SET_RESULTS */;
/*!40101 SET @OLD_COLLATION_CONNECTION=@@COLLATION_CONNECTION */;
/*!40101 SET NAMES utf8mb4 */;

--
-- Database: `spk-trend_moment`
--

-- --------------------------------------------------------

--
-- Table structure for table `barang`
--

CREATE TABLE `barang` (
  `id` bigint(20) UNSIGNED NOT NULL,
  `nama` varchar(128) NOT NULL,
  `created_at` timestamp NULL DEFAULT NULL,
  `updated_at` timestamp NULL DEFAULT NULL
) ENGINE=InnoDB DEFAULT CHARSET=utf8mb4 COLLATE=utf8mb4_general_ci;

--
-- Dumping data for table `barang`
--

INSERT INTO `barang` (`id`, `nama`, `created_at`, `updated_at`) VALUES
(001, 'Piring Keramik', '2023-11-05 09:07:14', '2023-11-13 07:36:16'),
(002, 'Gelas Kaca', '2023-11-05 09:07:34', '2023-11-13 07:36:26'),
(003, 'Sendok Stainless Steel', '2023-11-05 09:19:38', '2023-11-13 07:36:35'),
(004, 'Garpu Stainless Steel', '2023-11-05 09:23:42', '2023-11-13 07:37:03'),
(005, 'Pisau Dapur', '2023-11-05 09:23:55', '2023-11-13 07:37:14'),
(006, 'Panci Stainless Steel', '2023-11-05 09:24:36', '2023-11-13 07:37:51'),
(007, 'Wajan Anti Lengket', '2023-11-05 09:24:57', '2023-11-13 07:38:11'),
(008, 'Panci Presto', '2023-11-05 09:25:15', '2023-11-13 07:38:24'),
(009, 'Spatula Kayu', '2023-11-05 09:25:46', '2023-11-13 07:38:41'),
(010, 'Saringan Tepung Stainless Steel', '2023-11-05 09:26:16', '2023-11-13 07:39:00'),
(011, 'Silicone Whisk Pengocok Telur', '2023-11-13 07:29:41', '2023-11-13 07:39:36'),
(012, 'Parutan Keju Stainless Steel Premium', '2023-11-13 07:30:38', '2023-11-13 07:39:54'),
(013, 'Blender Panasonic', '2023-11-13 07:30:50', '2023-11-13 07:40:11'),
(014, 'Blender Miyako', '2023-11-13 07:31:19', '2023-11-13 07:40:29'),
(015, 'Blender Maspion', '2023-11-13 07:31:26', '2023-11-13 07:40:46'),
(016, 'Oven Cosmos', '2023-11-13 07:31:36', '2023-11-13 07:41:07'),
(017, 'Oven Sharp', '2023-11-13 07:31:44', '2023-11-13 07:42:36'),
(018, 'Oven Maspion', '2023-11-13 07:31:52', '2023-11-13 07:43:48'),
(019, 'Kompor Gas Tanam Winn Gas', '2023-11-13 07:32:02', '2023-11-13 07:44:02'),
(020, 'Kompor Gas Rinnai', '2023-11-13 07:32:10', '2023-11-13 07:44:17'),
(021, 'Kompor Gas Sanken', '2023-11-13 07:32:21', '2023-11-13 07:44:34'),
(022, 'Rice Cooker Philips', '2023-11-13 07:44:46', '2023-11-13 07:44:46'),
(023, 'Rice Cooker Yong Ma', '2023-11-13 07:44:57', '2023-11-13 07:44:57'),
(024, 'Rice Cooker Digital Mito', '2023-11-13 07:45:07', '2023-11-13 07:45:07'),
(025, 'Telenan Kayu', '2023-11-13 07:45:07', '2023-11-13 07:45:07'),
(026, 'Serbet Dapur', '2023-11-13 07:45:07', '2023-11-13 07:45:07'),
(027, 'Pel Mikrofiber', '2023-11-13 07:45:07', '2023-11-13 07:45:07'),
(028, 'Pel String', '2023-11-13 07:45:07', '2023-11-13 07:45:07'),
(029, 'Pel Debu', '2023-11-13 07:45:07', '2023-11-13 07:45:07'),
(030, 'Ember Air Plastik', '2023-11-13 07:45:07', '2023-11-13 07:45:07'),
(031, 'Sapu Lantai Rayung', '2023-11-13 07:45:07', '2023-11-13 07:45:07'),
(032, 'Sapu Ijuk', '2023-11-13 07:45:07', '2023-11-13 07:45:07'),
(033, 'Gelas Goblet', '2023-11-13 07:45:07', '2023-11-13 07:45:07'),
(034, 'Gelas Kaca', '2023-11-13 07:45:07', '2023-11-13 07:45:07'),
(035, 'Gelas Plastik', '2023-11-13 07:45:07', '2023-11-13 07:45:07'),
(036, 'Loyang Stainless Steel', '2023-11-13 07:45:07', '2023-11-13 07:45:07'),
(037, 'Loyang Aluminium', '2023-11-13 07:45:07', '2023-11-13 07:45:07'),
(038, 'Loyang Galvalum', '2023-11-13 07:45:07', '2023-11-13 07:45:07'),
(039, 'Kulkas Samsung', '2023-11-13 07:45:07', '2023-11-13 07:45:07'),
(040, 'Kulkas Aqua Sanyo', '2023-11-13 07:45:07', '2023-11-13 07:45:07'),
(041, 'Kulkas Sharp', '2023-11-13 07:45:07', '2023-11-13 07:45:07'),
(042, 'Kulkas Sanken', '2023-11-13 07:45:07', '2023-11-13 07:45:07'),
(043, 'Rak Piring Wastefel Stainless Steel', '2023-11-13 07:45:07', '2023-11-13 07:45:07'),
(044, 'Rak Piring Aluminium', '2023-11-13 07:45:07', '2023-11-13 07:45:07'),
(045, 'Rak Piring Kaca', '2023-11-13 07:45:07', '2023-11-13 07:45:07'),
(046, 'Set Toples Kaca', '2023-11-13 07:45:07', '2023-11-13 07:45:07'),
(047, 'Set Toples Plastik', '2023-11-13 07:45:07', '2023-11-13 07:45:07'),
(048, 'Botol Minum', '2023-11-13 07:45:07', '2023-11-13 07:45:07'),
(049, 'Termos Air Panas', '2023-11-13 07:45:07', '2023-11-13 07:45:07'),
(050, 'Rak Bumbu Dapur 2 Susun', '2023-11-13 07:45:07', '2023-11-13 07:45:07'),
(051, 'Rak Bumbu Dapur Minimalis', '2023-11-13 07:45:07', '2023-11-13 07:45:07'),
(052, 'Pisau Roti', '2023-11-13 07:45:07', '2023-11-13 07:45:07'),
(053, 'Gunting', '2023-11-13 07:45:07', '2023-11-13 07:45:07'),
(054, 'Microwave LG', '2023-11-13 07:45:07', '2023-11-13 07:45:07'),
(055, 'Microwave Sharp', '2023-11-13 07:45:07', '2023-11-13 07:45:07'),
(056, 'Microwave Panasonic', '2023-11-13 07:45:07', '2023-11-13 07:45:07'),
(057, 'Electric Barbecue Grill', '2023-11-13 07:45:07', '2023-11-13 07:45:07'),
(058, 'Gantungan Baju', '2023-11-13 07:45:07', '2023-11-13 07:45:07'),
(059, 'Dispenser Sharp', '2023-11-13 07:45:07', '2023-11-13 07:45:07'),
(060, 'Dispenser Polytron', '2023-11-13 07:45:07', '2023-11-13 07:45:07'),
(061, 'Dispenser Sanken', '2023-11-13 07:45:07', '2023-11-13 07:45:07'),
(062, 'Setrika Philips', '2023-11-13 07:45:07', '2023-11-13 07:45:07'),
(063, 'Setrika Cosmos', '2023-11-13 07:45:07', '2023-11-13 07:45:07'),
(064, 'Setrika Panasonic', '2023-11-13 07:45:07', '2023-11-13 07:45:07'),
(065, 'Jemuran Baju', '2023-11-13 07:45:07', '2023-11-13 07:45:07'),
(066, 'Lemari Plastik Thabitha', '2023-11-13 07:45:07', '2023-11-13 07:45:07'),
(067, 'Lemari Plastik Olymplast', '2023-11-13 07:45:07', '2023-11-13 07:45:07'),
(068, 'Lemari Plastik Napolly', '2023-11-13 07:45:07', '2023-11-13 07:45:07'),
(069, 'Philips LED Bright', '2023-11-13 07:45:07', '2023-11-13 07:45:07'),
(070, 'Hannochs LED Nova', '2023-11-13 07:45:07', '2023-11-13 07:45:07'),
(071, 'LED In-Lite', '2023-11-13 07:45:07', '2023-11-13 07:45:07'),
(072, 'LED Panasonic', '2023-11-13 07:45:07', '2023-11-13 07:45:07'),
(073, 'Stop Kontak', '2023-11-13 07:45:07', '2023-11-13 07:45:07'),
(074, 'Kabel Roll', '2023-11-13 07:45:07', '2023-11-13 07:45:07'),
(075, 'Lakban', '2023-11-13 07:45:07', '2023-11-13 07:45:07'),
(076, 'Benang Jahit', '2023-11-13 07:45:07', '2023-11-13 07:45:07'),
(077, 'Jarum jahit', '2023-11-13 07:45:07', '2023-11-13 07:45:07'),
(078, 'Peniti', '2023-11-13 07:45:07', '2023-11-13 07:45:07'),
(079, 'Kancing Baju', '2023-11-13 07:45:07', '2023-11-13 07:45:07'),
(080, 'Resleting', '2023-11-13 07:45:07', '2023-11-13 07:45:07'),
(081, 'Meteran Kain', '2023-11-13 07:45:07', '2023-11-13 07:45:07'),
(082, 'Panci Kukus Master Pan Stainless Steel', '2023-11-13 07:45:07', '2023-11-13 07:45:07'),
(083, 'Panci Listrik Multifungsi', '2023-11-13 07:45:07', '2023-11-13 07:45:07'),
(084, 'Mug Stainless', '2023-11-13 07:45:07', '2023-11-13 07:45:07'),
(085, 'Ceramic Mug', '2023-11-13 07:45:07', '2023-11-13 07:45:07'),
(086, 'Keranjang Pakaian Kotor', '2023-11-13 07:45:07', '2023-11-13 07:45:07'),
(087, 'Gas Regulator', '2023-11-13 07:45:07', '2023-11-13 07:45:07'),
(088, 'Gas Regulator Tekanan Tinggi', '2023-11-13 07:45:07', '2023-11-13 07:45:07'),
(089, 'Selang Regulator Gas', '2023-11-13 07:45:07', '2023-11-13 07:45:07'),
(090, 'Senter LED', '2023-11-13 07:45:07', '2023-11-13 07:45:07'),
(091, 'Lampu Emergency LED Multifungsi', '2023-11-13 07:45:07', '2023-11-13 07:45:07'),
(092, 'Senter Kepala', '2023-11-13 07:45:07', '2023-11-13 07:45:07'),
(093, 'Tempat Sampah Stainless', '2023-11-13 07:45:07', '2023-11-13 07:45:07'),
(094, 'Tempat Sampah Plastik', '2023-11-13 07:45:07', '2023-11-13 07:45:07'),
(095, 'Plastik Ziplock', '2023-11-13 07:45:07', '2023-11-13 07:45:07'),
(096, 'Plastik Wrap', '2023-11-13 07:45:07', '2023-11-13 07:45:07'),
(097, 'Plastik Mika', '2023-11-13 07:45:07', '2023-11-13 07:45:07'),
(098, 'Cikrak Plastik', '2023-11-13 07:45:07', '2023-11-13 07:45:07'),
(099, 'Cikrak Stainless', '2023-11-13 07:45:07', '2023-11-13 07:45:07'),
(100, 'Keset kaki', '2023-11-13 07:45:07', '2023-11-13 07:45:07');

-- --------------------------------------------------------

--
-- Table structure for table `barang_tahun_bulan`
--

CREATE TABLE `barang_tahun_bulan` (
  `id` bigint(20) UNSIGNED NOT NULL,
  `barang_id` bigint(20) UNSIGNED DEFAULT NULL,
  `satuan` varchar(128) NOT NULL,
  `tahun_id` bigint(20) UNSIGNED DEFAULT NULL,
  `bulan_id` bigint(20) UNSIGNED DEFAULT NULL,
  `jumlah` double NOT NULL,
  `created_at` timestamp NULL DEFAULT NULL,
  `updated_at` timestamp NULL DEFAULT NULL
) ENGINE=InnoDB DEFAULT CHARSET=utf8mb4 COLLATE=utf8mb4_general_ci;

--
-- Dumping data for table `barang_tahun_bulan`
--

INSERT INTO `barang_tahun_bulan` (`id`, `barang_id`, `satuan`, `tahun_id`, `bulan_id`, `jumlah`, `created_at`, `updated_at`) VALUES
(59, 001, 'pcs', 2, 1, 35, '2023-11-13 07:53:20', '2023-11-13 07:53:20'),
(60, 001, 'Kilogram', 2, 2, 37, '2023-11-13 07:53:41', '2023-11-13 07:53:41'),
(61, 001, 'Kilogram', 2, 3, 50, '2023-11-13 07:53:57', '2023-11-13 07:53:57'),
(62, 001, 'Kilogram', 2, 5, 60, '2023-11-13 07:55:32', '2023-11-13 07:55:32'),
(63, 001, 'Kilogram', 2, 6, 60, '2023-11-13 07:55:56', '2023-11-13 07:55:56'),
(64, 001, 'Kilogram', 2, 7, 37, '2023-11-13 07:56:39', '2023-11-13 07:56:39'),
(65, 001, 'Kilogram', 2, 8, 37, '2023-11-13 07:57:05', '2023-11-13 07:57:05'),
(66, 001, 'Kilogram', 2, 9, 35, '2023-11-13 07:57:24', '2023-11-13 07:57:24'),
(67, 001, 'Kilogram', 2, 10, 50, '2023-11-13 07:57:49', '2023-11-13 07:57:49'),
(68, 001, 'Kilogram', 2, 11, 60, '2023-11-13 07:58:28', '2023-11-13 07:58:28'),
(69, 001, 'Kilogram', 2, 12, 70, '2023-11-13 07:58:49', '2023-11-13 07:58:49'),
(70, 001, 'Kilogram', 2, 13, 75, '2023-11-13 07:59:06', '2023-11-13 07:59:06'),
(71, 001, 'Kilogram', 3, 1, 20, '2023-11-13 08:04:24', '2023-11-13 08:04:24'),
(72, 001, 'Kilogram', 3, 2, 37, '2023-11-13 08:05:18', '2023-11-13 08:05:18'),
(73, 001, 'Kilogram', 3, 3, 50, '2023-11-13 08:05:43', '2023-11-13 08:05:43'),
(74, 001, 'Kilogram', 3, 5, 60, '2023-11-13 08:06:06', '2023-11-13 08:06:06'),
(75, 001, 'Kilogram', 3, 6, 60, '2023-11-13 08:06:41', '2023-11-13 08:06:41'),
(76, 001, 'Kilogram', 3, 7, 37, '2023-11-13 08:07:24', '2023-11-13 08:07:24'),
(77, 001, 'Kilogram', 3, 8, 37, '2023-11-13 08:07:41', '2023-11-13 08:07:41'),
(78, 001, 'Kilogram', 3, 9, 35, '2023-11-13 08:07:58', '2023-11-13 08:07:58'),
(79, 001, 'Kilogram', 3, 10, 50, '2023-11-13 08:08:19', '2023-11-13 08:08:19'),
(80, 002, 'Kilogram', 3, 11, 60, '2023-11-13 08:08:42', '2023-11-13 08:08:42'),
(81, 002, 'Kilogram', 3, 12, 70, '2023-11-13 08:09:12', '2023-11-13 08:09:12'),
(82, 002, 'Kilogram', 3, 13, 75, '2023-11-13 08:09:30', '2023-11-13 08:09:30'),
(83, 002, 'Kilogram', 4, 1, 30, '2023-11-13 08:10:00', '2023-11-13 08:10:00'),
(84, 002, 'Kilogram', 4, 2, 35, '2023-11-13 08:10:22', '2023-11-13 08:10:22'),
(85, 002, 'Kilogram', 4, 3, 50, '2023-11-13 08:10:40', '2023-11-13 08:10:40'),
(86, 002, 'Kilogram', 4, 5, 70, '2023-11-13 08:11:07', '2023-11-13 08:11:07'),
(87, 002, 'Kilogram', 4, 6, 60, '2023-11-13 08:12:18', '2023-11-13 08:12:18'),
(88, 002, 'Kilogram', 4, 7, 50, '2023-11-13 08:12:37', '2023-11-13 08:12:37'),
(89, 002, 'Kilogram', 4, 8, 50, '2023-11-13 08:12:56', '2023-11-13 08:12:56'),
(90, 002, 'Kilogram', 4, 9, 50, '2023-11-13 08:13:15', '2023-11-13 08:13:15'),
(91, 002, 'Kilogram', 4, 10, 45, '2023-11-13 08:13:39', '2023-11-13 08:13:39'),
(92, 002, 'Kilogram', 4, 11, 50, '2023-11-13 08:14:28', '2023-11-13 08:14:28'),
(93, 002, 'Kilogram', 4, 12, 70, '2023-11-13 08:21:56', '2023-11-13 08:21:56'),
(94, 002, 'Kilogram', 4, 13, 75, '2023-11-13 08:22:14', '2023-11-13 08:22:14'),
(95, 002, 'Kilogram', 5, 1, 50, '2023-11-13 08:22:41', '2023-11-13 08:22:41'),
(96, 002, 'Kilogram', 5, 2, 60, '2023-11-13 08:23:19', '2023-11-13 08:23:19'),
(97, 002, 'Kilogram', 5, 3, 75, '2023-11-13 08:23:42', '2023-11-13 08:23:42'),
(98, 002, 'Kilogram', 5, 5, 75, '2023-11-13 08:24:06', '2023-11-13 08:24:06'),
(99, 002, 'Kilogram', 5, 6, 85, '2023-11-13 08:24:32', '2023-11-13 08:24:32'),
(100, 003, 'Kilogram', 2, 1, 30, '2023-11-13 10:28:52', '2023-11-13 10:28:52'),
(101, 003, 'Kilogram', 2, 2, 70, '2023-11-13 10:29:25', '2023-11-13 10:29:25'),
(102, 003, 'Kilogram', 2, 3, 80, '2023-11-13 10:31:01', '2023-11-13 10:31:01'),
(103, 003, 'Kilogram', 2, 5, 80, '2023-11-13 10:32:18', '2023-11-13 10:32:18'),
(104, 003, 'Kilogram', 2, 6, 80, '2023-11-13 10:32:47', '2023-11-13 10:32:47'),
(105, 003, 'Kilogram', 2, 7, 70, '2023-11-13 10:33:26', '2023-11-13 10:33:26'),
(106, 003, 'Kilogram', 2, 8, 70, '2023-11-13 10:33:55', '2023-11-13 10:33:55'),
(107, 003, 'Kilogram', 2, 9, 30, '2023-11-13 10:34:22', '2023-11-13 10:34:22'),
(108, 003, 'Kilogram', 2, 10, 45, '2023-11-13 10:36:28', '2023-11-13 10:36:28'),
(110, 003, 'Kilogram', 2, 11, 80, '2023-11-13 10:37:22', '2023-11-13 10:39:53'),
(111, 003, 'Kilogram', 2, 12, 85, '2023-11-13 10:37:50', '2023-11-13 10:43:30'),
(112, 003, 'Kilogram', 2, 13, 100, '2023-11-13 10:43:56', '2023-11-13 10:43:56'),
(113, 003, 'Kilogram', 3, 1, 35, '2023-11-13 10:44:27', '2023-11-13 10:44:27'),
(114, 003, 'Kilogram', 3, 2, 70, '2023-11-13 10:45:13', '2023-11-13 10:45:13'),
(115, 003, 'Kilogram', 3, 3, 80, '2023-11-13 10:45:51', '2023-11-13 10:45:51'),
(116, 003, 'Kilogram', 3, 5, 85, '2023-11-13 10:46:15', '2023-11-13 10:46:15'),
(117, 003, 'Kilogram', 3, 6, 70, '2023-11-13 10:47:12', '2023-11-13 10:47:12'),
(118, 003, 'Kilogram', 3, 7, 70, '2023-11-13 10:47:40', '2023-11-13 10:47:40'),
(119, 003, 'Kilogram', 3, 8, 70, '2023-11-13 10:48:08', '2023-11-13 10:48:08'),
(120, 003, 'Kilogram', 3, 9, 30, '2023-11-13 10:48:39', '2023-11-13 10:48:39'),
(121, 004, 'Kilogram', 3, 10, 45, '2023-11-13 10:49:07', '2023-11-13 10:49:07'),
(122, 004, 'Kilogram', 3, 11, 80, '2023-11-13 10:49:24', '2023-11-13 10:49:52'),
(123, 004, 'Kilogram', 3, 12, 85, '2023-11-13 10:50:31', '2023-11-13 10:50:31'),
(124, 004, 'Kilogram', 3, 13, 100, '2023-11-13 10:50:57', '2023-11-13 10:50:57'),
(125, 004, 'Kilogram', 4, 1, 45, '2023-11-13 10:52:14', '2023-11-13 10:52:14'),
(126, 004, 'Kilogram', 4, 2, 50, '2023-11-13 10:52:48', '2023-11-13 10:52:48'),
(127, 004, 'Kilogram', 4, 3, 100, '2023-11-13 10:53:21', '2023-11-13 10:53:21'),
(128, 004, 'Kilogram', 4, 5, 120, '2023-11-13 10:53:54', '2023-11-13 10:53:54'),
(129, 004, 'Kilogram', 4, 6, 120, '2023-11-13 10:54:19', '2023-11-13 10:54:19'),
(130, 004, 'Kilogram', 4, 7, 80, '2023-11-13 10:55:07', '2023-11-13 10:55:07'),
(131, 004, 'Kilogram', 4, 8, 70, '2023-11-13 10:55:35', '2023-11-13 10:55:35'),
(132, 004, 'Kilogram', 4, 9, 30, '2023-11-13 10:56:12', '2023-11-13 10:56:12'),
(133, 004, 'Kilogram', 4, 10, 45, '2023-11-13 10:56:38', '2023-11-13 10:56:38'),
(134, 004, 'Kilogram', 4, 11, 80, '2023-11-13 10:57:04', '2023-11-13 10:57:04'),
(135, 004, 'Kilogram', 4, 12, 85, '2023-11-13 10:58:09', '2023-11-13 10:58:09'),
(136, 004, 'Kilogram', 4, 13, 90, '2023-11-13 10:58:32', '2023-11-13 10:58:32'),
(137, 004, 'Kilogram', 5, 1, 50, '2023-11-13 11:09:43', '2023-11-13 11:09:43'),
(138, 004, 'Kilogram', 5, 2, 85, '2023-11-13 11:10:10', '2023-11-13 11:10:32'),
(139, 004, 'Kilogram', 5, 3, 100, '2023-11-13 11:10:58', '2023-11-13 11:10:58'),
(140, 004, 'Kilogram', 5, 5, 150, '2023-11-13 11:11:29', '2023-11-13 11:11:29'),
(141, 005, 'Kilogram', 5, 6, 320, '2023-11-13 11:12:03', '2023-11-13 11:12:03'),
(142, 005, 'Kilogram', 2, 1, 20, '2023-11-13 11:12:57', '2023-11-13 11:12:57'),
(143, 005, 'Kilogram', 2, 2, 25, '2023-11-13 11:13:36', '2023-11-13 11:13:36'),
(144, 005, 'Kilogram', 2, 3, 25, '2023-11-13 11:14:13', '2023-11-13 11:14:13'),
(145, 005, 'Kilogram', 2, 5, 20, '2023-11-13 11:14:37', '2023-11-13 11:14:37'),
(146, 005, 'Kilogram', 2, 6, 20, '2023-11-13 11:14:58', '2023-11-13 11:14:58'),
(147, 005, 'Kilogram', 2, 7, 25, '2023-11-13 11:15:31', '2023-11-13 11:15:31'),
(148, 005, 'Kilogram', 2, 8, 25, '2023-11-13 11:16:11', '2023-11-13 11:16:11'),
(149, 005, 'Kilogram', 2, 9, 20, '2023-11-13 11:29:20', '2023-11-13 11:29:20'),
(150, 005, 'Kilogram', 2, 10, 15, '2023-11-13 11:29:48', '2023-11-13 11:29:48'),
(151, 005, 'Kilogram', 2, 11, 15, '2023-11-13 11:30:15', '2023-11-13 11:30:15'),
(152, 005, 'Kilogram', 2, 12, 20, '2023-11-13 11:30:55', '2023-11-13 11:30:55'),
(153, 005, 'Kilogram', 2, 13, 20, '2023-11-13 11:31:22', '2023-11-13 11:31:22'),
(154, 005, 'Kilogram', 3, 1, 15, '2023-11-13 11:54:16', '2023-11-13 11:54:16'),
(155, 005, 'Kilogram', 3, 2, 25, '2023-11-13 11:54:57', '2023-11-13 11:54:57'),
(156, 005, 'Kilogram', 3, 3, 25, '2023-11-13 11:55:30', '2023-11-13 11:55:30'),
(157, 005, 'Kilogram', 3, 5, 20, '2023-11-13 11:56:00', '2023-11-13 11:56:00'),
(158, 005, 'Kilogram', 3, 6, 17, '2023-11-13 11:56:46', '2023-11-13 11:56:46'),
(159, 005, 'Kilogram', 3, 7, 25, '2023-11-13 11:57:22', '2023-11-13 11:57:22'),
(160, 005, 'Kilogram', 3, 8, 25, '2023-11-13 12:00:49', '2023-11-13 12:00:49'),
(161, 006, 'Kilogram', 3, 9, 20, '2023-11-13 12:01:22', '2023-11-13 12:01:22'),
(162, 006, 'Kilogram', 3, 10, 15, '2023-11-13 12:01:45', '2023-11-13 12:01:45'),
(163, 006, 'Kilogram', 3, 11, 15, '2023-11-13 12:02:28', '2023-11-13 12:02:28'),
(164, 006, 'Kilogram', 3, 12, 20, '2023-11-13 12:02:59', '2023-11-13 12:02:59'),
(165, 006, 'Kilogram', 3, 13, 20, '2023-11-13 12:03:18', '2023-11-13 12:03:18'),
(166, 006, 'Kilogram', 4, 1, 15, '2023-11-13 12:04:23', '2023-11-13 12:04:23'),
(167, 006, 'Kilogram', 4, 2, 25, '2023-11-13 12:04:50', '2023-11-13 12:04:50'),
(168, 006, 'Kilogram', 4, 3, 30, '2023-11-13 12:05:14', '2023-11-13 12:05:14'),
(169, 006, 'Kilogram', 4, 5, 40, '2023-11-13 12:05:35', '2023-11-13 12:05:35'),
(170, 006, 'Kilogram', 4, 6, 40, '2023-11-13 12:06:02', '2023-11-13 12:06:02'),
(171, 006, 'Kilogram', 4, 7, 25, '2023-11-13 12:06:42', '2023-11-13 12:06:42'),
(172, 006, 'Kilogram', 4, 8, 25, '2023-11-13 12:07:31', '2023-11-13 12:07:31'),
(173, 006, 'Kilogram', 4, 9, 20, '2023-11-13 12:07:54', '2023-11-13 12:07:54'),
(174, 006, 'Kilogram', 4, 10, 15, '2023-11-13 12:08:24', '2023-11-13 12:08:24'),
(175, 006, 'Kilogram', 4, 11, 15, '2023-11-13 12:10:56', '2023-11-13 12:10:56'),
(176, 006, 'Kilogram', 4, 12, 20, '2023-11-13 12:11:25', '2023-11-13 12:11:25'),
(177, 006, 'Kilogram', 4, 13, 20, '2023-11-13 12:11:42', '2023-11-13 12:11:42'),
(178, 006, 'Gram', 2, 1, 10, '2023-11-13 12:13:52', '2023-11-13 12:26:38'),
(179, 006, 'Kilogram', 5, 1, 15, '2023-11-13 12:16:29', '2023-11-13 12:16:29'),
(180, 006, 'Kilogram', 5, 2, 25, '2023-11-13 12:16:46', '2023-11-13 12:16:46'),
(181, 007, 'Kilogram', 5, 3, 30, '2023-11-13 12:17:21', '2023-11-13 12:17:21'),
(182, 007, 'Kilogram', 5, 5, 40, '2023-11-13 12:18:05', '2023-11-13 12:18:05'),
(183, 007, 'Kilogram', 5, 6, 65, '2023-11-13 12:18:28', '2023-11-13 12:18:28'),
(190, 007, 'gram', 2, 2, 10, '2023-11-13 12:28:01', '2023-11-13 12:28:01'),
(191, 007, 'gram', 2, 3, 10, '2023-11-13 12:28:28', '2023-11-13 12:28:28'),
(192, 007, 'gram', 2, 5, 8, '2023-11-13 12:28:55', '2023-11-13 12:28:55'),
(193, 007, 'gram', 2, 6, 8, '2023-11-13 12:29:37', '2023-11-13 12:29:37'),
(194, 007, 'gram', 2, 7, 10, '2023-11-13 12:29:59', '2023-11-13 12:29:59'),
(195, 007, 'gram', 2, 8, 10, '2023-11-13 12:30:28', '2023-11-13 12:30:28'),
(196, 007, 'gram', 2, 9, 10, '2023-11-13 12:30:54', '2023-11-13 12:30:54'),
(197, 007, 'gram', 2, 10, 8, '2023-11-13 12:31:18', '2023-11-13 12:31:18'),
(198, 007, 'gram', 2, 11, 8, '2023-11-13 12:31:43', '2023-11-13 12:31:43'),
(199, 007, 'gram', 2, 12, 7, '2023-11-13 12:32:39', '2023-11-13 12:32:39'),
(200, 007, 'gram', 2, 13, 8, '2023-11-13 12:33:03', '2023-11-13 12:33:03'),
(201, 007, 'gram', 3, 1, 7, '2023-11-13 12:33:31', '2023-11-13 12:33:31'),
(202, 007, 'gram', 3, 2, 8, '2023-11-13 12:33:51', '2023-11-13 12:33:51'),
(203, 007, 'gram', 3, 5, 8, '2023-11-13 12:34:40', '2023-11-13 12:34:40'),
(204, 007, 'gram', 3, 6, 10, '2023-11-13 12:35:02', '2023-11-13 12:35:02'),
(205, 007, 'gram', 3, 7, 10, '2023-11-13 12:35:23', '2023-11-13 12:35:23'),
(206, 008, 'gram', 3, 8, 10, '2023-11-13 12:35:59', '2023-11-13 12:35:59'),
(207, 008, 'gram', 3, 9, 10, '2023-11-13 12:36:19', '2023-11-13 12:36:19'),
(208, 008, 'gram', 3, 10, 8, '2023-11-13 12:36:42', '2023-11-13 12:36:42'),
(209, 008, 'gram', 3, 11, 8, '2023-11-13 12:37:09', '2023-11-13 12:37:09'),
(210, 008, 'gram', 3, 12, 7, '2023-11-13 12:37:34', '2023-11-13 12:37:34'),
(211, 008, 'gram', 3, 13, 8, '2023-11-13 12:37:57', '2023-11-13 12:37:57'),
(212, 008, 'gram', 4, 1, 7, '2023-11-13 12:38:42', '2023-11-13 12:38:42'),
(213, 008, 'gram', 4, 2, 8, '2023-11-13 12:39:05', '2023-11-13 12:39:05'),
(214, 008, 'gram', 4, 3, 10, '2023-11-13 12:39:34', '2023-11-13 12:39:34'),
(215, 008, 'gram', 4, 5, 8, '2023-11-13 12:43:22', '2023-11-13 12:43:22'),
(216, 008, 'gram', 4, 6, 10, '2023-11-13 12:43:46', '2023-11-13 12:43:46'),
(217, 008, 'gram', 4, 7, 10, '2023-11-13 12:44:12', '2023-11-13 12:44:12'),
(218, 008, 'gram', 4, 8, 10, '2023-11-13 12:44:40', '2023-11-13 12:44:40'),
(219, 008, 'gram', 4, 9, 10, '2023-11-13 12:45:03', '2023-11-13 12:45:03'),
(222, 008, 'gram', 4, 10, 8, '2023-11-13 12:49:02', '2023-11-13 12:49:02'),
(223, 008, 'gram', 4, 11, 8, '2023-11-13 12:49:45', '2023-11-13 12:49:45'),
(224, 008, 'gram', 4, 12, 7, '2023-11-13 12:50:11', '2023-11-13 12:50:11'),
(225, 008, 'Ons', 4, 13, 8, '2023-11-13 12:50:36', '2023-11-13 12:50:36'),
(226, 008, 'gram', 5, 1, 7, '2023-11-13 12:51:28', '2023-11-13 12:51:28'),
(227, 008, 'Gram', 5, 2, 8, '2023-11-13 12:51:56', '2023-11-13 12:53:14'),
(228, 009, 'Gram', 5, 3, 10, '2023-11-13 12:52:41', '2023-11-13 12:54:41'),
(229, 009, 'gram', 5, 5, 8, '2023-11-13 12:55:26', '2023-11-13 12:55:26'),
(230, 009, 'gram', 5, 6, 10, '2023-11-13 12:56:23', '2023-11-13 12:56:23'),
(231, 009, 'Kilogram', 2, 1, 2, '2023-11-13 12:58:08', '2023-11-13 12:58:08'),
(232, 009, 'Kilogram', 2, 2, 5, '2023-11-13 12:58:29', '2023-11-13 12:58:29'),
(233, 009, 'Kilogram', 2, 3, 3, '2023-11-13 12:58:55', '2023-11-13 12:58:55'),
(234, 009, 'Kilogram', 2, 5, 4, '2023-11-13 12:59:18', '2023-11-13 13:01:06'),
(235, 009, 'Kilogram', 2, 6, 4, '2023-11-13 13:00:21', '2023-11-13 13:01:39'),
(236, 009, 'Kilogram', 2, 7, 5, '2023-11-13 13:02:14', '2023-11-13 13:02:14'),
(237, 009, 'Kilogram', 2, 8, 5, '2023-11-13 13:02:38', '2023-11-13 13:02:38'),
(238, 009, 'Kilogram', 2, 9, 2, '2023-11-13 13:03:02', '2023-11-13 13:03:02'),
(239, 009, 'Kilogram', 2, 10, 3, '2023-11-13 13:03:30', '2023-11-13 13:03:30'),
(240, 009, 'Kilogram', 2, 11, 4, '2023-11-13 13:04:17', '2023-11-13 13:04:17'),
(241, 009, 'Kilogram', 2, 12, 3, '2023-11-13 13:04:40', '2023-11-13 13:04:40'),
(242, 009, 'Kilogram', 2, 13, 4, '2023-11-13 13:05:08', '2023-11-13 13:05:08'),
(243, 009, 'Kilogram', 3, 1, 2, '2023-11-13 13:05:45', '2023-11-13 13:05:45'),
(244, 009, 'Kilogram', 3, 2, 5, '2023-11-13 13:06:12', '2023-11-13 13:06:12'),
(245, 009, 'Kilogram', 3, 3, 3, '2023-11-13 13:06:53', '2023-11-13 13:07:49'),
(246, 009, 'Kilogram', 3, 5, 4, '2023-11-13 13:08:28', '2023-11-13 13:08:28'),
(247, 009, 'Kilogram', 3, 6, 4, '2023-11-13 13:08:52', '2023-11-13 13:08:52'),
(248, 010, 'Kilogram', 3, 7, 5, '2023-11-13 13:09:15', '2023-11-13 13:09:15'),
(249, 010, 'Kilogram', 3, 8, 5, '2023-11-13 13:21:37', '2023-11-13 13:21:37'),
(250, 010, 'Kilogram', 3, 9, 2, '2023-11-13 13:22:29', '2023-11-13 13:22:29'),
(251, 010, 'Kilogram', 3, 10, 3, '2023-11-13 13:22:59', '2023-11-13 13:22:59'),
(252, 010, 'Kilogram', 3, 11, 4, '2023-11-13 13:23:20', '2023-11-13 13:23:20'),
(253, 010, 'Kilogram', 3, 12, 3, '2023-11-13 13:23:59', '2023-11-13 13:23:59'),
(254, 010, 'Kilogram', 3, 13, 4, '2023-11-13 13:24:28', '2023-11-13 13:24:28'),
(255, 010, 'Kilogram', 4, 1, 2, '2023-11-13 13:25:47', '2023-11-13 13:25:47'),
(256, 010, 'Kilogram', 4, 2, 5, '2023-11-13 13:26:11', '2023-11-13 13:26:11'),
(257, 010, 'Kilogram', 4, 3, 3, '2023-11-13 13:26:44', '2023-11-13 13:26:44'),
(258, 010, 'Kilogram', 4, 5, 4, '2023-11-13 13:27:39', '2023-11-13 13:27:39'),
(259, 010, 'Kilogram', 4, 6, 4, '2023-11-13 13:28:06', '2023-11-13 13:28:06'),
(260, 010, 'Kilogram', 4, 7, 5, '2023-11-13 13:28:55', '2023-11-13 13:28:55'),
(261, 010, 'Kilogram', 4, 8, 5, '2023-11-13 13:29:35', '2023-11-13 13:29:35'),
(262, 010, 'Kilogram', 4, 9, 2, '2023-11-13 13:30:15', '2023-11-13 13:30:15'),
(263, 010, 'Kilogram', 4, 10, 3, '2023-11-13 13:30:38', '2023-11-13 13:30:38'),
(264, 010, 'Kilogram', 4, 11, 4, '2023-11-13 13:31:16', '2023-11-13 13:31:16'),
(265, 010, 'Kilogram', 4, 12, 3, '2023-11-13 13:31:40', '2023-11-13 13:31:40'),
(266, 010, 'Kilogram', 4, 13, 4, '2023-11-13 13:32:07', '2023-11-13 13:32:07'),
(267, 010, 'Kilogram', 5, 1, 2, '2023-11-13 13:33:20', '2023-11-13 13:33:20'),
(268, 011, 'Kilogram', 5, 2, 5, '2023-11-13 13:33:44', '2023-11-13 13:33:44'),
(269, 011, 'Kilogram', 5, 3, 3, '2023-11-13 13:34:14', '2023-11-13 13:34:14'),
(270, 011, 'Kilogram', 5, 5, 4, '2023-11-13 13:34:46', '2023-11-13 13:34:46'),
(271, 011, 'Kilogram', 5, 6, 4, '2023-11-13 13:35:17', '2023-11-13 13:35:17'),
(272, 011, 'Kilogram', 2, 1, 25, '2023-11-13 13:36:13', '2023-11-13 13:36:13'),
(273, 011, 'Kilogram', 2, 2, 20, '2023-11-13 13:36:48', '2023-11-13 13:36:48'),
(274, 011, 'Kilogram', 2, 3, 20, '2023-11-13 13:37:11', '2023-11-13 13:37:11'),
(275, 011, 'Kilogram', 2, 5, 25, '2023-11-13 13:37:34', '2023-11-13 13:37:59'),
(276, 011, 'Kilogram', 2, 6, 25, '2023-11-13 13:39:29', '2023-11-13 13:39:29'),
(277, 011, 'Kilogram', 2, 7, 20, '2023-11-13 13:40:30', '2023-11-13 13:40:30'),
(278, 011, 'Kilogram', 2, 8, 20, '2023-11-13 13:40:55', '2023-11-13 13:40:55'),
(279, 011, 'Kilogram', 2, 9, 25, '2023-11-13 13:41:58', '2023-11-13 13:41:58'),
(280, 011, 'Kilogram', 2, 10, 15, '2023-11-13 13:42:45', '2023-11-13 13:42:45'),
(281, 011, 'Kilogram', 2, 11, 25, '2023-11-13 13:43:54', '2023-11-13 13:43:54'),
(282, 011, 'Kilogram', 2, 12, 20, '2023-11-13 13:44:40', '2023-11-13 13:44:40'),
(283, 011, 'Kilogram', 2, 13, 25, '2023-11-13 13:45:04', '2023-11-13 13:45:04'),
(284, 011, 'Kilogram', 3, 1, 25, '2023-11-13 13:46:36', '2023-11-13 13:46:36'),
(285, 011, 'Kilogram', 3, 2, 20, '2023-11-13 13:47:10', '2023-11-13 13:47:10'),
(286, 011, 'Kilogram', 3, 3, 20, '2023-11-13 13:47:40', '2023-11-13 13:47:40'),
(287, 011, 'Kilogram', 3, 5, 25, '2023-11-13 13:48:09', '2023-11-13 13:48:09'),
(288, 012, 'Kilogram', 3, 6, 25, '2023-11-13 13:48:30', '2023-11-13 13:48:30'),
(289, 012, 'Kilogram', 3, 7, 20, '2023-11-13 13:49:05', '2023-11-13 13:49:05'),
(290, 012, 'Kilogram', 3, 8, 20, '2023-11-13 13:49:28', '2023-11-13 13:49:28'),
(291, 012, 'Kilogram', 3, 9, 25, '2023-11-13 13:49:58', '2023-11-13 13:49:58'),
(292, 012, 'Kilogram', 3, 10, 15, '2023-11-13 13:50:22', '2023-11-13 13:50:22'),
(293, 012, 'Kilogram', 3, 11, 25, '2023-11-13 13:50:52', '2023-11-13 13:50:52'),
(294, 012, 'Kilogram', 3, 12, 20, '2023-11-13 13:51:21', '2023-11-13 13:51:21'),
(295, 012, 'Kilogram', 3, 13, 25, '2023-11-13 13:51:52', '2023-11-13 13:51:52'),
(296, 012, 'Kilogram', 4, 1, 25, '2023-11-13 13:52:34', '2023-11-13 13:52:49'),
(297, 012, 'Kilogram', 4, 2, 20, '2023-11-13 13:53:15', '2023-11-13 13:53:15'),
(298, 012, 'Kilogram', 4, 3, 20, '2023-11-13 13:53:47', '2023-11-13 13:53:47'),
(299, 012, 'Kilogram', 4, 5, 25, '2023-11-13 13:54:44', '2023-11-13 13:54:44'),
(300, 012, 'Kilogram', 4, 6, 25, '2023-11-13 13:55:08', '2023-11-13 13:55:08'),
(301, 012, 'Kilogram', 4, 7, 20, '2023-11-13 13:55:43', '2023-11-13 13:55:43'),
(302, 012, 'Kilogram', 4, 8, 20, '2023-11-13 13:56:08', '2023-11-13 13:56:08'),
(303, 012, 'Kilogram', 4, 9, 25, '2023-11-13 13:56:50', '2023-11-13 13:56:50'),
(304, 012, 'Kilogram', 4, 10, 15, '2023-11-13 13:57:41', '2023-11-13 13:57:41'),
(305, 012, 'Kilogram', 4, 11, 25, '2023-11-13 13:59:27', '2023-11-13 13:59:27'),
(306, 012, 'Kilogram', 4, 12, 20, '2023-11-13 13:59:53', '2023-11-13 13:59:53'),
(307, 012, 'Kilogram', 4, 13, 25, '2023-11-13 14:00:15', '2023-11-13 14:00:15'),
(308, 013, 'Kilogram', 5, 1, 25, '2023-11-13 14:00:57', '2023-11-13 14:00:57'),
(309, 013, 'Kilogram', 5, 2, 20, '2023-11-13 14:01:27', '2023-11-13 14:01:27'),
(310, 013, 'Kilogram', 5, 3, 20, '2023-11-13 14:02:08', '2023-11-13 14:02:08'),
(311, 013, 'Kilogram', 5, 5, 25, '2023-11-13 14:02:32', '2023-11-13 14:03:56'),
(312, 013, 'Kilogram', 5, 6, 25, '2023-11-13 14:04:31', '2023-11-13 14:04:31'),
(313, 013, 'Kilogram', 2, 1, 30, '2023-11-15 03:35:41', '2023-11-15 03:35:41'),
(314, 013, 'Kilogram', 2, 2, 35, '2023-11-15 03:36:05', '2023-11-15 03:36:05'),
(315, 013, 'Kilogram', 2, 3, 30, '2023-11-15 03:36:27', '2023-11-15 03:36:27'),
(316, 013, 'Kilogram', 2, 5, 25, '2023-11-15 03:36:47', '2023-11-15 03:36:47'),
(317, 013, 'Kilogram', 2, 6, 25, '2023-11-15 03:37:04', '2023-11-15 03:37:04'),
(318, 013, 'Kilogram', 2, 7, 35, '2023-11-15 03:37:24', '2023-11-15 03:37:24'),
(319, 013, 'Kilogram', 2, 8, 35, '2023-11-15 03:37:47', '2023-11-15 03:37:47'),
(320, 013, 'Kilogram', 2, 9, 30, '2023-11-15 03:38:07', '2023-11-15 03:38:07'),
(321, 013, 'Kilogram', 2, 10, 15, '2023-11-15 03:38:26', '2023-11-15 03:38:26'),
(322, 013, 'Kilogram', 2, 11, 25, '2023-11-15 03:39:07', '2023-11-15 03:39:07'),
(323, 013, 'Kilogram', 2, 12, 25, '2023-11-15 03:39:58', '2023-11-15 03:39:58'),
(324, 013, 'Kilogram', 2, 13, 25, '2023-11-15 03:40:28', '2023-11-15 03:40:28'),
(325, 013, 'Kilogram', 3, 1, 30, '2023-11-15 03:41:11', '2023-11-15 03:41:11'),
(326, 013, 'Kilogram', 3, 2, 35, '2023-11-15 03:41:32', '2023-11-15 03:41:32'),
(327, 013, 'Kilogram', 3, 3, 30, '2023-11-15 03:41:56', '2023-11-15 03:41:56'),
(328, 014, 'Kilogram', 3, 5, 25, '2023-11-15 03:42:11', '2023-11-15 03:42:11'),
(329, 014, 'Kilogram', 3, 6, 25, '2023-11-15 03:42:29', '2023-11-15 03:42:29'),
(330, 014, 'Kilogram', 3, 7, 35, '2023-11-15 03:42:49', '2023-11-15 03:42:49'),
(331, 014, 'Kilogram', 3, 8, 35, '2023-11-15 03:43:05', '2023-11-15 03:43:05'),
(332, 014, 'Kilogram', 3, 9, 30, '2023-11-15 03:43:22', '2023-11-15 03:43:22'),
(333, 014, 'Kilogram', 3, 10, 15, '2023-11-15 03:43:51', '2023-11-15 03:43:51'),
(334, 014, 'Kilogram', 3, 11, 25, '2023-11-15 03:44:07', '2023-11-15 03:44:07'),
(335, 014, 'Kilogram', 3, 12, 25, '2023-11-15 03:44:21', '2023-11-15 03:44:21'),
(336, 014, 'Kilogram', 3, 13, 25, '2023-11-15 03:44:38', '2023-11-15 03:44:38'),
(337, 014, 'Kilogram', 4, 1, 30, '2023-11-15 03:45:06', '2023-11-15 03:45:06'),
(338, 014, 'Kilogram', 4, 2, 35, '2023-11-15 03:45:24', '2023-11-15 03:45:24'),
(339, 014, 'Kilogram', 4, 3, 30, '2023-11-15 03:45:52', '2023-11-15 03:45:52'),
(340, 014, 'Kilogram', 4, 5, 25, '2023-11-15 03:46:07', '2023-11-15 03:46:07'),
(341, 014, 'Kilogram', 4, 6, 25, '2023-11-15 03:46:22', '2023-11-15 03:46:22'),
(342, 014, 'Kilogram', 4, 7, 35, '2023-11-15 03:46:43', '2023-11-15 03:46:43'),
(343, 014, 'Kilogram', 4, 8, 35, '2023-11-15 03:46:59', '2023-11-15 03:46:59'),
(344, 014, 'Kilogram', 4, 9, 30, '2023-11-15 03:47:16', '2023-11-15 03:47:16'),
(345, 014, 'Kilogram', 4, 10, 15, '2023-11-15 03:47:35', '2023-11-15 03:47:35'),
(346, 014, 'Kilogram', 4, 11, 25, '2023-11-15 03:47:51', '2023-11-15 03:47:51'),
(347, 014, 'Kilogram', 4, 12, 25, '2023-11-15 03:48:04', '2023-11-15 03:48:04'),
(348, 015, 'Kilogram', 4, 13, 25, '2023-11-15 03:48:17', '2023-11-15 03:48:17'),
(349, 015, 'Kilogram', 5, 1, 30, '2023-11-15 03:48:39', '2023-11-15 03:48:39'),
(350, 015, 'Kilogram', 5, 2, 35, '2023-11-15 03:49:01', '2023-11-15 03:49:01'),
(351, 015, 'Kilogram', 5, 3, 30, '2023-11-15 03:49:21', '2023-11-15 03:49:21'),
(352, 015, 'Kilogram', 5, 5, 25, '2023-11-15 03:49:51', '2023-11-15 03:49:51'),
(353, 015, 'Kilogram', 5, 6, 25, '2023-11-15 03:50:08', '2023-11-15 03:50:08'),
(354, 015, 'Kilogram', 2, 1, 2, '2023-11-15 03:50:38', '2023-11-15 03:50:38'),
(355, 015, 'Kilogram', 2, 2, 5, '2023-11-15 03:50:57', '2023-11-15 03:50:57'),
(356, 015, 'Kilogram', 2, 3, 4, '2023-11-15 03:51:15', '2023-11-15 03:51:15'),
(357, 015, 'Kilogram', 2, 5, 6, '2023-11-15 03:51:40', '2023-11-15 03:51:40'),
(358, 015, 'Kilogram', 2, 6, 6, '2023-11-15 03:52:04', '2023-11-15 03:52:04'),
(359, 015, 'Kilogram', 2, 7, 5, '2023-11-15 03:52:28', '2023-11-15 03:52:28'),
(360, 015, 'Kilogram', 2, 8, 5, '2023-11-15 03:52:55', '2023-11-15 03:52:55'),
(361, 015, 'Kilogram', 2, 9, 2, '2023-11-15 03:53:15', '2023-11-15 03:53:15'),
(362, 015, 'Kilogram', 2, 10, 3, '2023-11-15 03:53:38', '2023-11-15 03:53:38'),
(363, 015, 'Kilogram', 2, 11, 6, '2023-11-15 03:53:59', '2023-11-15 03:53:59'),
(364, 015, 'Kilogram', 2, 12, 5, '2023-11-15 03:54:27', '2023-11-15 03:54:27'),
(365, 015, 'Kilogram', 2, 13, 8, '2023-11-15 03:54:42', '2023-11-15 03:54:42'),
(366, 015, 'Kilogram', 3, 1, 2, '2023-11-15 03:55:05', '2023-11-15 03:55:05'),
(367, 015, 'Kilogram', 3, 2, 5, '2023-11-15 03:55:20', '2023-11-15 03:55:20'),
(368, 015, 'Kilogram', 3, 3, 4, '2023-11-15 03:55:55', '2023-11-15 03:55:55'),
(369, 016, 'Kilogram', 3, 5, 6, '2023-11-15 03:56:31', '2023-11-15 03:56:31'),
(370, 016, 'Kilogram', 3, 6, 6, '2023-11-15 03:56:50', '2023-11-15 03:56:50'),
(371, 016, 'Kilogram', 3, 7, 5, '2023-11-15 03:57:09', '2023-11-15 03:57:09'),
(372, 016, 'Kilogram', 3, 8, 5, '2023-11-15 03:57:28', '2023-11-15 03:57:28'),
(373, 016, 'Kilogram', 3, 9, 2, '2023-11-15 03:57:54', '2023-11-15 03:57:54'),
(374, 016, 'Kilogram', 3, 10, 3, '2023-11-15 03:58:12', '2023-11-15 03:58:12'),
(375, 016, 'Kilogram', 3, 11, 6, '2023-11-15 03:58:30', '2023-11-15 03:58:30'),
(376, 016, 'Kilogram', 3, 12, 5, '2023-11-15 03:58:46', '2023-11-15 03:58:46'),
(377, 016, 'Kilogram', 3, 13, 8, '2023-11-15 03:59:01', '2023-11-15 03:59:01'),
(378, 016, 'Kilogram', 4, 1, 2, '2023-11-15 03:59:36', '2023-11-15 03:59:36'),
(379, 017, 'Kilogram', 4, 2, 5, '2023-11-15 03:59:50', '2023-11-15 03:59:50'),
(380, 017, 'Kilogram', 4, 3, 4, '2023-11-15 04:00:05', '2023-11-15 04:00:05'),
(381, 017, 'Kilogram', 4, 5, 6, '2023-11-15 04:00:22', '2023-11-15 04:00:22'),
(382, 017, 'Kilogram', 4, 6, 6, '2023-11-15 04:00:37', '2023-11-15 04:00:37'),
(383, 017, 'Kilogram', 4, 7, 5, '2023-11-15 04:00:53', '2023-11-15 04:00:53'),
(384, 017, 'Kilogram', 4, 8, 5, '2023-11-15 04:01:06', '2023-11-15 04:01:06'),
(385, 017, 'Kilogram', 4, 9, 2, '2023-11-15 04:03:22', '2023-11-15 04:03:22'),
(386, 017, 'Kilogram', 4, 10, 3, '2023-11-15 04:03:37', '2023-11-15 04:03:37'),
(387, 018, 'Kilogram', 4, 11, 6, '2023-11-15 04:03:59', '2023-11-15 04:03:59'),
(388, 018, 'Kilogram', 4, 12, 5, '2023-11-15 04:04:13', '2023-11-15 04:04:13'),
(389, 018, 'Kilogram', 4, 13, 8, '2023-11-15 04:04:28', '2023-11-15 04:04:28'),
(390, 018, 'Kilogram', 5, 1, 2, '2023-11-15 04:04:50', '2023-11-15 04:04:50'),
(391, 018, 'Kilogram', 5, 2, 5, '2023-11-15 04:05:05', '2023-11-15 04:05:05'),
(392, 018, 'Kilogram', 5, 3, 4, '2023-11-15 04:05:22', '2023-11-15 04:05:22'),
(393, 019, 'Kilogram', 5, 5, 6, '2023-11-15 04:05:44', '2023-11-15 04:05:44'),
(394, 019, 'Kilogram', 5, 6, 6, '2023-11-15 04:06:00', '2023-11-15 04:06:00'),
(395, 019, 'Kilogram', 2, 1, 30, '2023-11-15 04:06:28', '2023-11-15 04:06:28'),
(396, 019, 'Kilogram', 2, 2, 25, '2023-11-15 04:06:45', '2023-11-15 04:06:45'),
(397, 019, 'Kilogram', 2, 3, 30, '2023-11-15 04:07:18', '2023-11-15 04:07:18'),
(398, 019, 'Kilogram', 2, 5, 30, '2023-11-15 04:07:36', '2023-11-15 04:07:36'),
(399, 019, 'Kilogram', 2, 6, 30, '2023-11-15 04:07:50', '2023-11-15 04:07:50'),
(400, 019, 'Kilogram', 2, 7, 25, '2023-11-15 04:08:05', '2023-11-15 04:08:05'),
(401, 019, 'Kilogram', 2, 8, 25, '2023-11-15 04:08:23', '2023-11-15 04:08:23'),
(402, 020, 'Kilogram', 2, 9, 30, '2023-11-15 04:08:41', '2023-11-15 04:08:41'),
(403, 020, 'Kilogram', 2, 10, 25, '2023-11-15 04:08:55', '2023-11-15 04:08:55'),
(404, 020, 'Kilogram', 2, 11, 30, '2023-11-15 04:09:14', '2023-11-15 04:09:14'),
(405, 020, 'Kilogram', 2, 12, 25, '2023-11-15 04:09:40', '2023-11-15 04:09:40'),
(406, 020, 'Kilogram', 2, 13, 20, '2023-11-15 04:09:56', '2023-11-15 04:09:56'),
(407, 021, 'Kilogram', 3, 1, 15, '2023-11-15 04:10:22', '2023-11-15 04:10:22'),
(408, 021, 'Kilogram', 3, 2, 25, '2023-11-15 04:10:37', '2023-11-15 04:10:37'),
(409, 021, 'Kilogram', 3, 3, 30, '2023-11-15 04:10:58', '2023-11-15 04:10:58'),
(410, 021, 'Kilogram', 3, 5, 30, '2023-11-15 04:11:15', '2023-11-15 04:11:15'),
(411, 021, 'Kilogram', 3, 6, 30, '2023-11-15 04:11:39', '2023-11-15 04:11:39'),
(412, 021, 'Kilogram', 3, 7, 25, '2023-11-15 04:12:17', '2023-11-15 04:12:17'),
(413, 021, 'Kilogram', 3, 8, 25, '2023-11-15 04:12:56', '2023-11-15 04:12:56'),
(414, 021, 'Kilogram', 3, 9, 30, '2023-11-15 04:13:16', '2023-11-15 04:13:16'),
(415, 022, 'Kilogram', 3, 10, 25, '2023-11-15 04:19:16', '2023-11-15 04:19:16'),
(416, 022, 'Kilogram', 3, 11, 30, '2023-11-15 04:19:38', '2023-11-15 04:19:38'),
(417, 022, 'Kilogram', 3, 12, 25, '2023-11-15 04:19:53', '2023-11-15 04:19:53'),
(418, 022, 'Kilogram', 3, 13, 20, '2023-11-15 04:20:13', '2023-11-15 04:20:13'),
(419, 022, 'Kilogram', 4, 1, 15, '2023-11-15 04:20:38', '2023-11-15 04:20:38'),
(420, 022, 'Kilogram', 4, 2, 25, '2023-11-15 04:20:53', '2023-11-15 04:20:53'),
(421, 022, 'Kilogram', 4, 3, 30, '2023-11-15 04:21:08', '2023-11-15 04:21:08'),
(422, 022, 'Kilogram', 4, 5, 30, '2023-11-15 04:21:23', '2023-11-15 04:21:23'),
(423, 022, 'Kilogram', 4, 6, 30, '2023-11-15 04:21:46', '2023-11-15 04:21:46'),
(424, 022, 'Kilogram', 4, 7, 25, '2023-11-15 04:22:05', '2023-11-15 04:22:05'),
(425, 023, 'Kilogram', 4, 8, 25, '2023-11-15 04:22:19', '2023-11-15 04:22:19'),
(426, 023, 'Kilogram', 4, 9, 30, '2023-11-15 04:22:35', '2023-11-15 04:22:35'),
(427, 023, 'Kilogram', 4, 10, 25, '2023-11-15 04:22:56', '2023-11-15 04:22:56'),
(428, 023, 'Kilogram', 4, 11, 30, '2023-11-15 04:23:10', '2023-11-15 04:23:10'),
(429, 023, 'Kilogram', 4, 12, 25, '2023-11-15 04:23:26', '2023-11-15 04:23:26'),
(430, 024, 'Kilogram', 4, 13, 20, '2023-11-15 04:23:41', '2023-11-15 04:23:41'),
(431, 024, 'Kilogram', 5, 1, 15, '2023-11-15 04:24:00', '2023-11-15 04:24:00'),
(432, 024, 'Kilogram', 5, 2, 25, '2023-11-15 04:24:13', '2023-11-15 04:24:13'),
(433, 024, 'Kilogram', 5, 3, 30, '2023-11-15 04:24:28', '2023-11-15 04:24:28'),
(434, 024, 'Kilogram', 5, 5, 30, '2023-11-15 04:24:43', '2023-11-15 04:24:43'),
(435, 024, 'Kilogram', 5, 6, 30, '2023-11-15 04:25:00', '2023-11-15 04:25:00'),
(436, 025, 'Kilogram', 2, 1, 10, '2023-11-15 04:25:26', '2023-11-15 04:25:26'),
(437, 025, 'Kilogram', 2, 2, 10, '2023-11-15 04:25:45', '2023-11-15 04:25:45'),
(438, 025, 'Kilogram', 2, 3, 10, '2023-11-15 04:26:02', '2023-11-15 04:26:02'),
(439, 025, 'Kilogram', 2, 5, 7, '2023-11-15 04:26:22', '2023-11-15 04:26:22'),
(440, 025, 'Kilogram', 2, 6, 7, '2023-11-15 04:26:37', '2023-11-15 04:26:37'),
(441, 025, 'Kilogram', 2, 7, 10, '2023-11-15 04:26:58', '2023-11-15 04:26:58'),
(442, 025, 'Kilogram', 2, 8, 10, '2023-11-15 04:27:15', '2023-11-15 04:27:15'),
(443, 025, 'Kilogram', 2, 9, 10, '2023-11-15 04:27:32', '2023-11-15 04:27:32'),
(444, 025, 'Kilogram', 2, 10, 8, '2023-11-15 04:28:00', '2023-11-15 04:28:00'),
(445, 025, 'Kilogram', 2, 11, 5, '2023-11-15 04:28:15', '2023-11-15 04:28:15'),
(446, 025, 'Kilogram', 2, 12, 10, '2023-11-15 04:28:57', '2023-11-15 04:28:57'),
(447, 025, 'Kilogram', 2, 13, 10, '2023-11-15 04:29:10', '2023-11-15 04:29:10'),
(448, 025, 'Kilogram', 3, 1, 12, '2023-11-15 04:29:37', '2023-11-15 04:29:37'),
(449, 025, 'Kilogram', 3, 2, 10, '2023-11-15 04:29:53', '2023-11-15 04:29:53'),
(450, 025, 'Kilogram', 3, 3, 10, '2023-11-15 04:30:07', '2023-11-15 04:30:07'),
(451, 025, 'Kilogram', 3, 5, 7, '2023-11-15 04:30:24', '2023-11-15 04:30:24'),
(452, 025, 'Kilogram', 3, 6, 7, '2023-11-15 04:30:39', '2023-11-15 04:30:39'),
(453, 025, 'Kilogram', 3, 7, 10, '2023-11-15 04:30:55', '2023-11-15 04:30:55'),
(454, 025, 'Kilogram', 3, 8, 10, '2023-11-15 04:31:08', '2023-11-15 04:31:08'),
(455, 026, 'Kilogram', 3, 9, 10, '2023-11-15 04:31:22', '2023-11-15 04:31:22'),
(456, 026, 'Kilogram', 3, 10, 8, '2023-11-15 04:31:43', '2023-11-15 04:31:43'),
(457, 026, 'Kilogram', 3, 11, 5, '2023-11-15 04:31:56', '2023-11-15 04:31:56'),
(458, 026, 'Kilogram', 3, 12, 10, '2023-11-15 04:32:14', '2023-11-15 04:32:14'),
(459, 026, 'Kilogram', 3, 13, 10, '2023-11-15 04:32:31', '2023-11-15 04:32:31'),
(460, 026, 'Kilogram', 4, 1, 12, '2023-11-15 04:32:47', '2023-11-15 04:32:47'),
(461, 026, 'Kilogram', 4, 2, 10, '2023-11-15 04:33:06', '2023-11-15 04:33:06'),
(462, 026, 'Kilogram', 4, 3, 10, '2023-11-15 04:33:22', '2023-11-15 04:33:22'),
(463, 026, 'Kilogram', 4, 5, 7, '2023-11-15 04:33:42', '2023-11-15 04:33:42'),
(464, 026, 'Kilogram', 4, 6, 7, '2023-11-15 04:33:59', '2023-11-15 04:33:59'),
(465, 026, 'Kilogram', 4, 7, 10, '2023-11-15 04:34:27', '2023-11-15 04:34:27'),
(466, 026, 'Kilogram', 4, 8, 8, '2023-11-15 04:34:44', '2023-11-15 04:34:44'),
(467, 026, 'Kilogram', 4, 9, 10, '2023-11-15 04:34:58', '2023-11-15 04:34:58'),
(468, 026, 'Kilogram', 4, 10, 8, '2023-11-15 04:35:15', '2023-11-15 04:35:15'),
(469, 026, 'Kilogram', 4, 11, 5, '2023-11-15 04:35:32', '2023-11-15 04:35:32'),
(470, 026, 'Kilogram', 4, 12, 10, '2023-11-15 04:35:48', '2023-11-15 04:35:48'),
(471, 026, 'Kilogram', 4, 13, 10, '2023-11-15 04:36:04', '2023-11-15 04:36:04'),
(472, 026, 'Kilogram', 5, 1, 12, '2023-11-15 04:36:22', '2023-11-15 04:36:22'),
(473, 026, 'Kilogram', 5, 2, 10, '2023-11-15 04:36:36', '2023-11-15 04:36:36'),
(474, 026, 'Kilogram', 5, 3, 10, '2023-11-15 04:36:51', '2023-11-15 04:36:51'),
(475, 026, 'Kilogram', 5, 5, 7, '2023-11-15 04:37:10', '2023-11-15 04:37:10'),
(476, 027, 'Kilogram', 5, 6, 7, '2023-11-15 04:37:26', '2023-11-15 04:37:26'),
(477, 027, 'Kilogram', 2, 1, 5, '2023-11-15 04:41:34', '2023-11-15 04:41:34'),
(478, 027, 'Kilogram', 2, 2, 5, '2023-11-15 04:41:50', '2023-11-15 04:41:50'),
(479, 027, 'Kilogram', 2, 3, 5, '2023-11-15 04:42:07', '2023-11-15 04:42:07'),
(480, 027, 'Kilogram', 2, 5, 4, '2023-11-15 04:42:27', '2023-11-15 04:42:27'),
(481, 027, 'Kilogram', 2, 6, 4, '2023-11-15 04:42:46', '2023-11-15 04:42:46'),
(482, 027, 'Kilogram', 2, 7, 5, '2023-11-15 04:43:00', '2023-11-15 04:43:00'),
(483, 027, 'Kilogram', 2, 8, 5, '2023-11-15 04:43:14', '2023-11-15 04:43:14'),
(484, 027, 'Kilogram', 2, 9, 5, '2023-11-15 04:43:35', '2023-11-15 04:43:35'),
(485, 027, 'Kilogram', 2, 10, 6, '2023-11-15 04:43:59', '2023-11-15 04:43:59'),
(486, 027, 'Kilogram', 2, 11, 4, '2023-11-15 04:44:14', '2023-11-15 04:44:14'),
(487, 027, 'Kilogram', 2, 12, 3, '2023-11-15 04:44:29', '2023-11-15 04:44:29'),
(488, 027, 'Kilogram', 2, 13, 4, '2023-11-15 04:44:44', '2023-11-15 04:44:44'),
(489, 027, 'Kilogram', 3, 1, 4, '2023-11-15 04:45:16', '2023-11-15 04:45:16'),
(490, 027, 'Kilogram', 3, 2, 5, '2023-11-15 04:45:30', '2023-11-15 04:45:30'),
(491, 027, 'Kilogram', 3, 3, 5, '2023-11-15 04:45:43', '2023-11-15 04:45:43'),
(492, 027, 'Kilogram', 3, 5, 4, '2023-11-15 04:45:59', '2023-11-15 04:45:59'),
(493, 027, 'Kilogram', 3, 6, 4, '2023-11-15 04:46:19', '2023-11-15 04:46:19'),
(494, 027, 'Kilogram', 3, 7, 5, '2023-11-15 04:46:36', '2023-11-15 04:46:36'),
(495, 027, 'Kilogram', 3, 8, 5, '2023-11-15 04:46:53', '2023-11-15 04:46:53'),
(496, 028, 'Kilogram', 3, 9, 5, '2023-11-15 04:47:10', '2023-11-15 04:47:10'),
(497, 028, 'Kilogram', 3, 10, 6, '2023-11-15 04:47:30', '2023-11-15 04:47:30'),
(498, 028, 'Kilogram', 3, 11, 4, '2023-11-15 04:47:45', '2023-11-15 04:47:45'),
(499, 028, 'Kilogram', 3, 12, 3, '2023-11-15 04:48:04', '2023-11-15 04:48:04'),
(500, 028, 'Kilogram', 3, 13, 4, '2023-11-15 04:48:23', '2023-11-15 04:48:23'),
(501, 028, 'Kilogram', 4, 1, 5, '2023-11-15 04:49:15', '2023-11-15 04:49:15'),
(502, 028, 'Kilogram', 4, 2, 5, '2023-11-15 04:49:32', '2023-11-15 04:49:32'),
(503, 028, 'Kilogram', 4, 3, 5, '2023-11-15 04:49:46', '2023-11-15 04:49:46'),
(504, 028, 'Kilogram', 4, 5, 20, '2023-11-15 04:50:03', '2023-11-15 04:50:03'),
(505, 028, 'Kilogram', 4, 6, 4, '2023-11-15 04:50:18', '2023-11-15 04:50:18'),
(506, 028, 'Kilogram', 4, 7, 5, '2023-11-15 04:50:40', '2023-11-15 04:50:40'),
(507, 028, 'Kilogram', 4, 8, 5, '2023-11-15 04:51:06', '2023-11-15 04:51:06'),
(508, 028, 'Kilogram', 4, 9, 10, '2023-11-15 04:51:27', '2023-11-15 04:51:27'),
(509, 028, 'Kilogram', 4, 10, 5, '2023-11-15 04:51:46', '2023-11-15 04:51:46'),
(510, 028, 'Kilogram', 4, 11, 10, '2023-11-15 04:52:00', '2023-11-15 04:52:00'),
(511, 028, 'Kilogram', 4, 12, 20, '2023-11-15 04:52:16', '2023-11-15 04:52:16'),
(512, 028, 'Kilogram', 4, 13, 20, '2023-11-15 04:52:32', '2023-11-15 04:52:32'),
(513, 028, 'Kilogram', 5, 1, 20, '2023-11-15 04:53:07', '2023-11-15 04:53:07'),
(514, 028, 'Kilogram', 5, 2, 15, '2023-11-15 04:53:24', '2023-11-15 04:53:24'),
(515, 028, 'Kilogram', 5, 3, 10, '2023-11-15 04:53:38', '2023-11-15 04:53:38'),
(516, 029, 'Kilogram', 5, 5, 20, '2023-11-15 04:54:05', '2023-11-15 04:54:05'),
(517, 029, 'Kilogram', 5, 6, 10, '2023-11-15 04:54:19', '2023-11-15 04:54:19'),
(518, 029, 'Kilogram', 2, 1, 5, '2023-11-15 04:54:44', '2023-11-15 04:54:44'),
(519, 029, 'Kilogram', 2, 2, 5, '2023-11-15 04:55:22', '2023-11-15 04:55:22'),
(520, 029, 'Kilogram', 2, 3, 5, '2023-11-15 04:55:36', '2023-11-15 04:55:36'),
(521, 029, 'Kilogram', 2, 5, 4, '2023-11-15 04:55:56', '2023-11-15 04:55:56'),
(522, 029, 'Kilogram', 2, 6, 4, '2023-11-15 04:56:12', '2023-11-15 04:56:12'),
(523, 029, 'Kilogram', 2, 7, 5, '2023-11-15 04:56:25', '2023-11-15 04:56:25'),
(524, 029, 'Kilogram', 2, 8, 5, '2023-11-15 04:56:43', '2023-11-15 04:56:43'),
(525, 029, 'Kilogram', 2, 9, 5, '2023-11-15 04:56:57', '2023-11-15 04:56:57'),
(526, 029, 'Kilogram', 2, 10, 3, '2023-11-15 04:57:14', '2023-11-15 04:57:14'),
(527, 029, 'Kilogram', 2, 11, 4, '2023-11-15 04:57:30', '2023-11-15 04:57:30'),
(528, 029, 'Kilogram', 2, 12, 5, '2023-11-15 04:57:49', '2023-11-15 04:57:49'),
(529, 029, 'Kilogram', 2, 13, 5, '2023-11-15 04:58:03', '2023-11-15 04:58:03'),
(530, 029, 'Kilogram', 3, 1, 5, '2023-11-15 04:58:30', '2023-11-15 04:58:30'),
(531, 029, 'Kilogram', 3, 2, 5, '2023-11-15 04:58:47', '2023-11-15 04:58:47'),
(532, 029, 'Kilogram', 3, 3, 5, '2023-11-15 04:59:10', '2023-11-15 04:59:10'),
(533, 029, 'Kilogram', 3, 5, 4, '2023-11-15 04:59:25', '2023-11-15 04:59:25'),
(534, 029, 'Kilogram', 3, 6, 4, '2023-11-15 04:59:40', '2023-11-15 04:59:40'),
(535, 030, 'Kilogram', 3, 7, 5, '2023-11-15 04:59:54', '2023-11-15 04:59:54'),
(536, 030, 'Kilogram', 3, 8, 5, '2023-11-15 05:00:15', '2023-11-15 05:00:15'),
(537, 030, 'Kilogram', 3, 9, 5, '2023-11-15 05:00:31', '2023-11-15 05:00:31'),
(538, 030, 'Kilogram', 3, 10, 3, '2023-11-15 05:00:44', '2023-11-15 05:00:44'),
(539, 030, 'Kilogram', 3, 11, 4, '2023-11-15 05:00:59', '2023-11-15 05:00:59'),
(540, 030, 'Kilogram', 3, 12, 5, '2023-11-15 05:01:13', '2023-11-15 05:01:13'),
(541, 030, 'Kilogram', 3, 13, 5, '2023-11-15 05:01:34', '2023-11-15 05:01:34'),
(542, 030, 'Kilogram', 4, 1, 5, '2023-11-15 05:01:54', '2023-11-15 05:01:54'),
(543, 030, 'Kilogram', 4, 2, 5, '2023-11-15 05:02:08', '2023-11-15 05:02:08'),
(544, 030, 'Kilogram', 4, 3, 5, '2023-11-15 05:02:24', '2023-11-15 05:02:24'),
(545, 030, 'Kilogram', 4, 5, 4, '2023-11-15 05:02:40', '2023-11-15 05:02:40'),
(546, 030, 'Kilogram', 4, 6, 3, '2023-11-15 05:03:11', '2023-11-15 05:03:11'),
(547, 030, 'Kilogram', 4, 7, 10, '2023-11-15 05:03:27', '2023-11-15 05:03:27'),
(548, 030, 'Kilogram', 4, 8, 4, '2023-11-15 05:03:40', '2023-11-15 05:03:40'),
(549, 030, 'Kilogram', 4, 9, 5, '2023-11-15 05:03:58', '2023-11-15 05:03:58'),
(550, 030, 'Kilogram', 4, 10, 3, '2023-11-15 05:04:15', '2023-11-15 05:04:15'),
(551, 030, 'Kilogram', 4, 11, 4, '2023-11-15 05:04:29', '2023-11-15 05:04:29'),
(552, 030, 'Kilogram', 4, 12, 7, '2023-11-15 05:04:43', '2023-11-15 05:04:43'),
(553, 030, 'Kilogram', 4, 13, 10, '2023-11-15 05:05:00', '2023-11-15 05:05:00'),
(554, 030, 'Kilogram', 5, 1, 15, '2023-11-15 05:05:16', '2023-11-15 05:05:16'),
(555, 030, 'Kilogram', 5, 2, 10, '2023-11-15 05:05:37', '2023-11-15 05:05:37'),
(556, 031, 'Kilogram', 5, 3, 7, '2023-11-15 05:05:53', '2023-11-15 05:05:53'),
(557, 031, 'Kilogram', 5, 5, 20, '2023-11-15 05:06:11', '2023-11-15 05:06:11'),
(558, 031, 'Kilogram', 5, 6, 20, '2023-11-15 05:06:28', '2023-11-15 05:06:28'),
(559, 031, 'gram', 2, 1, 10, '2023-11-15 05:08:37', '2023-11-15 05:08:37'),
(560, 031, 'gram', 2, 2, 10, '2023-11-15 05:08:54', '2023-11-15 05:08:54'),
(561, 031, 'gram', 2, 3, 10, '2023-11-15 05:09:12', '2023-11-15 05:09:12'),
(562, 031, 'gram', 2, 5, 20, '2023-11-15 05:09:29', '2023-11-15 05:09:29'),
(563, 031, 'gram', 2, 6, 20, '2023-11-15 05:09:40', '2023-11-15 05:09:40'),
(564, 031, 'gram', 2, 7, 15, '2023-11-15 05:10:14', '2023-11-15 05:10:14'),
(565, 031, 'gram', 2, 8, 10, '2023-11-15 05:10:30', '2023-11-15 05:10:30'),
(566, 031, 'gram', 2, 9, 10, '2023-11-15 05:10:44', '2023-11-15 05:10:44'),
(567, 031, 'gram', 2, 10, 10, '2023-11-15 05:10:58', '2023-11-15 05:10:58'),
(568, 031, 'gram', 2, 11, 15, '2023-11-15 05:11:16', '2023-11-15 05:11:16'),
(569, 031, 'gram', 2, 12, 15, '2023-11-15 05:11:34', '2023-11-15 05:11:34'),
(570, 031, 'gram', 2, 13, 15, '2023-11-15 05:11:50', '2023-11-15 05:11:50'),
(571, 031, 'gram', 3, 1, 40, '2023-11-15 05:12:16', '2023-11-15 05:12:16'),
(572, 031, 'gram', 3, 2, 20, '2023-11-15 05:12:33', '2023-11-15 05:12:33'),
(573, 031, 'gram', 3, 3, 20, '2023-11-15 05:12:49', '2023-11-15 05:12:49'),
(574, 031, 'gram', 3, 5, 20, '2023-11-15 05:13:09', '2023-11-15 05:13:09'),
(575, 031, 'gram', 3, 6, 40, '2023-11-15 05:14:06', '2023-11-15 05:14:06'),
(576, 031, 'gram', 3, 7, 40, '2023-11-15 05:14:36', '2023-11-15 05:14:36'),
(577, 032, 'gram', 3, 8, 20, '2023-11-15 05:15:02', '2023-11-15 05:15:02'),
(578, 032, 'gram', 3, 9, 20, '2023-11-15 05:15:18', '2023-11-15 05:15:18'),
(579, 032, 'gram', 3, 10, 20, '2023-11-15 05:15:34', '2023-11-15 05:15:34'),
(580, 032, 'gram', 3, 11, 20, '2023-11-15 05:15:47', '2023-11-15 05:15:47'),
(581, 032, 'gram', 3, 12, 20, '2023-11-15 05:16:04', '2023-11-15 05:16:04'),
(582, 032, 'gram', 3, 13, 40, '2023-11-15 05:16:22', '2023-11-15 05:16:22'),
(583, 032, 'gram', 4, 1, 40, '2023-11-15 05:16:43', '2023-11-15 05:16:43'),
(584, 032, 'gram', 4, 2, 40, '2023-11-15 05:17:00', '2023-11-15 05:17:00'),
(585, 032, 'gram', 4, 3, 40, '2023-11-15 05:17:33', '2023-11-15 05:17:33'),
(586, 032, 'gram', 4, 5, 40, '2023-11-15 05:17:53', '2023-11-15 05:17:53'),
(587, 032, 'gram', 4, 6, 40, '2023-11-15 05:18:09', '2023-11-15 05:18:09'),
(588, 032, 'gram', 4, 7, 35, '2023-11-15 05:18:37', '2023-11-15 05:18:37'),
(589, 032, 'gram', 4, 8, 35, '2023-11-15 05:18:54', '2023-11-15 05:18:54'),
(590, 032, 'gram', 4, 9, 40, '2023-11-15 05:19:13', '2023-11-15 05:19:13'),
(591, 032, 'gram', 4, 10, 40, '2023-11-15 05:19:28', '2023-11-15 05:19:28'),
(592, 032, 'gram', 4, 11, 35, '2023-11-15 05:19:45', '2023-11-15 05:19:45'),
(593, 032, 'gram', 4, 12, 40, '2023-11-15 05:20:05', '2023-11-15 05:20:05'),
(594, 032, 'gram', 4, 13, 80, '2023-11-15 05:20:23', '2023-11-15 05:20:23'),
(595, 032, 'gram', 5, 1, 40, '2023-11-15 05:20:50', '2023-11-15 05:20:50'),
(596, 032, 'gram', 5, 2, 40, '2023-11-15 05:21:41', '2023-11-15 05:21:41'),
(597, 032, 'gram', 5, 3, 40, '2023-11-15 05:21:58', '2023-11-15 05:21:58'),
(598, 033, 'gram', 5, 5, 80, '2023-11-15 05:22:14', '2023-11-15 05:22:14'),
(599, 033, 'gram', 5, 6, 80, '2023-11-15 05:22:30', '2023-11-15 05:22:30'),
(600, 033, 'Kilogram', 2, 1, 10, '2023-11-15 05:23:15', '2023-11-15 05:23:15'),
(601, 033, 'Kilogram', 2, 2, 5, '2023-11-15 05:23:34', '2023-11-15 05:23:34'),
(602, 033, 'Kilogram', 2, 3, 4, '2023-11-15 05:23:50', '2023-11-15 05:23:50'),
(603, 033, 'Kilogram', 2, 5, 15, '2023-11-15 05:24:12', '2023-11-15 05:24:12'),
(604, 033, 'Kilogram', 2, 6, 8, '2023-11-15 05:24:29', '2023-11-15 05:24:29'),
(605, 033, 'Kilogram', 2, 7, 10, '2023-11-15 05:24:45', '2023-11-15 05:24:45'),
(606, 033, 'Kilogram', 2, 8, 5, '2023-11-15 05:25:01', '2023-11-15 05:25:01'),
(607, 033, 'Kilogram', 2, 9, 4, '2023-11-15 05:25:17', '2023-11-15 05:25:17'),
(608, 033, 'Kilogram', 2, 10, 15, '2023-11-15 05:25:33', '2023-11-15 05:25:33'),
(609, 033, 'Kilogram', 2, 11, 8, '2023-11-15 05:25:51', '2023-11-15 05:25:51'),
(610, 033, 'Kilogram', 2, 12, 10, '2023-11-15 05:26:04', '2023-11-15 05:26:04'),
(611, 033, 'Kilogram', 2, 13, 10, '2023-11-15 05:26:19', '2023-11-15 05:26:19'),
(612, 033, 'Kilogram', 3, 1, 10, '2023-11-15 05:26:40', '2023-11-15 05:26:40'),
(613, 033, 'Kilogram', 3, 2, 5, '2023-11-15 05:26:58', '2023-11-15 05:26:58'),
(614, 033, 'Kilogram', 3, 3, 4, '2023-11-15 05:27:16', '2023-11-15 05:27:16'),
(615, 033, 'Kilogram', 3, 5, 15, '2023-11-15 05:27:36', '2023-11-15 05:27:36'),
(616, 033, 'Kilogram', 3, 6, 8, '2023-11-15 05:27:52', '2023-11-15 05:27:52'),
(617, 034, 'Kilogram', 3, 7, 10, '2023-11-15 05:28:11', '2023-11-15 05:28:11'),
(618, 034, 'Kilogram', 3, 8, 5, '2023-11-15 05:28:28', '2023-11-15 05:28:28'),
(619, 034, 'Kilogram', 3, 9, 4, '2023-11-15 05:28:42', '2023-11-15 05:28:42'),
(620, 034, 'Kilogram', 3, 10, 15, '2023-11-15 05:28:58', '2023-11-15 05:28:58'),
(621, 034, 'Kilogram', 3, 11, 8, '2023-11-15 05:29:13', '2023-11-15 05:29:13'),
(622, 034, 'Kilogram', 3, 12, 10, '2023-11-15 05:29:29', '2023-11-15 05:29:29'),
(623, 034, 'Kilogram', 3, 13, 10, '2023-11-15 05:29:43', '2023-11-15 05:29:43'),
(624, 034, 'Kilogram', 4, 1, 10, '2023-11-15 05:30:06', '2023-11-15 05:30:06'),
(625, 034, 'Kilogram', 4, 2, 5, '2023-11-15 05:30:28', '2023-11-15 05:30:28'),
(626, 034, 'Kilogram', 4, 3, 4, '2023-11-15 05:30:44', '2023-11-15 05:30:44'),
(627, 034, 'Kilogram', 4, 5, 15, '2023-11-15 05:31:03', '2023-11-15 05:31:03'),
(628, 034, 'Kilogram', 4, 6, 8, '2023-11-15 05:31:19', '2023-11-15 05:31:19'),
(629, 034, 'Kilogram', 4, 7, 10, '2023-11-15 05:31:37', '2023-11-15 05:31:37'),
(630, 034, 'Kilogram', 4, 8, 5, '2023-11-15 05:31:54', '2023-11-15 05:31:54'),
(631, 034, 'Kilogram', 4, 9, 4, '2023-11-15 05:32:12', '2023-11-15 05:32:12'),
(632, 034, 'Kilogram', 4, 10, 15, '2023-11-15 05:32:33', '2023-11-15 05:32:33'),
(633, 034, 'Kilogram', 4, 11, 8, '2023-11-15 05:32:51', '2023-11-15 05:32:51'),
(634, 034, 'Kilogram', 4, 12, 10, '2023-11-15 05:33:09', '2023-11-15 05:33:09'),
(635, 034, 'Kilogram', 4, 13, 10, '2023-11-15 05:33:24', '2023-11-15 05:33:24'),
(636, 034, 'Kilogram', 5, 1, 10, '2023-11-15 05:33:49', '2023-11-15 05:33:49'),
(637, 035, 'Kilogram', 5, 2, 5, '2023-11-15 05:34:08', '2023-11-15 05:34:08'),
(638, 035, 'Kilogram', 5, 3, 4, '2023-11-15 05:34:31', '2023-11-15 05:34:31'),
(639, 035, 'Kilogram', 5, 5, 15, '2023-11-15 05:34:49', '2023-11-15 05:34:49'),
(640, 035, 'Kilogram', 5, 6, 8, '2023-11-15 05:35:05', '2023-11-15 05:35:05'),
(641, 035, 'Kilogram', 2, 1, 10, '2023-11-15 05:37:37', '2023-11-15 05:37:37'),
(642, 035, 'Kilogram', 2, 2, 5, '2023-11-15 05:38:14', '2023-11-15 05:38:14'),
(643, 035, 'Kilogram', 2, 3, 5, '2023-11-15 05:38:42', '2023-11-15 05:38:42'),
(644, 035, 'Kilogram', 2, 5, 10, '2023-11-15 05:39:01', '2023-11-15 05:39:01'),
(645, 035, 'Kilogram', 2, 6, 10, '2023-11-15 05:39:28', '2023-11-15 05:39:28'),
(646, 035, 'Kilogram', 2, 7, 10, '2023-11-15 05:40:00', '2023-11-15 05:40:00'),
(647, 035, 'Kilogram', 2, 8, 5, '2023-11-15 05:42:41', '2023-11-15 05:42:41'),
(648, 035, 'Kilogram', 2, 9, 5, '2023-11-15 05:42:56', '2023-11-15 05:42:56'),
(649, 035, 'Kilogram', 2, 10, 10, '2023-11-15 05:43:18', '2023-11-15 05:43:18'),
(650, 035, 'Kilogram', 2, 11, 10, '2023-11-15 05:43:33', '2023-11-15 05:43:33'),
(651, 035, 'Kilogram', 2, 12, 10, '2023-11-15 05:43:49', '2023-11-15 05:43:49'),
(652, 035, 'Kilogram', 2, 13, 10, '2023-11-15 05:44:06', '2023-11-15 05:44:06'),
(653, 035, 'Kilogram', 3, 1, 10, '2023-11-15 05:45:14', '2023-11-15 05:45:14'),
(654, 035, 'Kilogram', 3, 2, 5, '2023-11-15 05:45:36', '2023-11-15 05:45:36'),
(655, 036, 'Kilogram', 3, 3, 5, '2023-11-15 05:45:51', '2023-11-15 05:45:51'),
(656, 036, 'Kilogram', 3, 5, 10, '2023-11-15 05:46:08', '2023-11-15 05:46:08'),
(657, 036, 'Kilogram', 3, 6, 10, '2023-11-15 05:46:23', '2023-11-15 05:46:23'),
(658, 036, 'Kilogram', 3, 7, 10, '2023-11-15 05:46:39', '2023-11-15 05:46:39'),
(659, 036, 'Kilogram', 3, 8, 5, '2023-11-15 05:46:57', '2023-11-15 05:46:57'),
(660, 036, 'Kilogram', 3, 9, 5, '2023-11-15 05:47:13', '2023-11-15 05:47:13'),
(661, 036, 'Kilogram', 3, 10, 10, '2023-11-15 05:47:30', '2023-11-15 05:47:30'),
(662, 036, 'Kilogram', 3, 11, 10, '2023-11-15 05:47:49', '2023-11-15 05:47:49'),
(663, 036, 'Kilogram', 3, 12, 10, '2023-11-15 05:48:05', '2023-11-15 05:48:05'),
(664, 036, 'Kilogram', 3, 13, 10, '2023-11-15 05:48:22', '2023-11-15 05:48:22'),
(665, 036, 'Kilogram', 4, 1, 10, '2023-11-15 05:49:23', '2023-11-15 05:49:23'),
(666, 036, 'Kilogram', 4, 2, 5, '2023-11-15 05:49:46', '2023-11-15 05:49:46'),
(667, 036, 'Kilogram', 4, 3, 5, '2023-11-15 05:50:01', '2023-11-15 05:50:01'),
(668, 036, 'Kilogram', 4, 5, 10, '2023-11-15 05:50:17', '2023-11-15 05:50:17'),
(669, 036, 'Kilogram', 4, 6, 10, '2023-11-15 05:50:30', '2023-11-15 05:50:30'),
(670, 036, 'Kilogram', 4, 7, 10, '2023-11-15 05:50:45', '2023-11-15 05:50:45'),
(671, 036, 'Kilogram', 4, 8, 5, '2023-11-15 05:51:01', '2023-11-15 05:51:01'),
(672, 036, 'Kilogram', 4, 9, 5, '2023-11-15 05:51:42', '2023-11-15 05:51:42'),
(673, 036, 'Kilogram', 4, 10, 10, '2023-11-15 05:51:58', '2023-11-15 05:51:58'),
(674, 037, 'Kilogram', 4, 11, 10, '2023-11-15 05:52:18', '2023-11-15 05:52:18'),
(675, 037, 'Kilogram', 4, 12, 10, '2023-11-15 05:52:54', '2023-11-15 05:52:54'),
(676, 037, 'Kilogram', 4, 13, 10, '2023-11-15 05:53:14', '2023-11-15 05:53:14'),
(677, 037, 'Kilogram', 5, 1, 10, '2023-11-15 05:53:58', '2023-11-15 05:53:58'),
(678, 037, 'Kilogram', 5, 2, 5, '2023-11-15 05:54:13', '2023-11-15 05:54:13'),
(679, 037, 'Kilogram', 5, 3, 5, '2023-11-15 05:54:37', '2023-11-15 05:54:37'),
(680, 037, 'Kilogram', 5, 5, 10, '2023-11-15 05:55:03', '2023-11-15 05:55:03'),
(681, 037, 'Kilogram', 5, 6, 10, '2023-11-15 05:55:18', '2023-11-15 05:55:18'),
(682, 037, 'Kilogram', 2, 1, 20, '2023-11-15 05:55:44', '2023-11-15 05:55:44'),
(683, 037, 'Kilogram', 2, 2, 25, '2023-11-15 05:56:07', '2023-11-15 05:56:07'),
(684, 037, 'Kilogram', 2, 3, 25, '2023-11-15 05:56:22', '2023-11-15 05:56:22'),
(685, 037, 'Kilogram', 2, 5, 30, '2023-11-15 05:56:42', '2023-11-15 05:56:42'),
(686, 037, 'Kilogram', 2, 6, 35, '2023-11-15 05:57:08', '2023-11-15 05:58:35'),
(687, 037, 'Kilogram', 2, 7, 20, '2023-11-15 05:57:25', '2023-11-15 05:59:20'),
(688, 037, 'Kilogram', 2, 8, 25, '2023-11-15 05:57:42', '2023-11-15 05:59:40'),
(689, 037, 'Kilogram', 2, 9, 25, '2023-11-15 05:59:52', '2023-11-15 05:59:52'),
(690, 037, 'Kilogram', 2, 10, 30, '2023-11-15 06:00:17', '2023-11-15 06:00:17'),
(691, 038, 'Kilogram', 2, 11, 35, '2023-11-15 06:00:33', '2023-11-15 06:00:33'),
(692, 038, 'Kilogram', 2, 12, 25, '2023-11-15 06:00:53', '2023-11-15 06:00:53'),
(693, 038, 'Kilogram', 2, 13, 30, '2023-11-15 06:01:08', '2023-11-15 06:01:08'),
(694, 038, 'Kilogram', 3, 1, 20, '2023-11-15 06:01:31', '2023-11-15 06:01:31'),
(695, 038, 'Kilogram', 3, 2, 25, '2023-11-15 06:01:46', '2023-11-15 06:01:46'),
(696, 038, 'Kilogram', 3, 3, 25, '2023-11-15 06:02:00', '2023-11-15 06:02:00'),
(697, 038, 'Kilogram', 3, 5, 30, '2023-11-15 06:02:16', '2023-11-15 06:02:16'),
(698, 038, 'Kilogram', 3, 6, 35, '2023-11-15 06:02:34', '2023-11-15 06:02:34'),
(699, 038, 'Kilogram', 3, 7, 20, '2023-11-15 06:02:55', '2023-11-15 06:02:55'),
(700, 038, 'Kilogram', 3, 8, 25, '2023-11-15 06:03:11', '2023-11-15 06:03:11'),
(701, 038, 'Kilogram', 3, 9, 25, '2023-11-15 06:03:26', '2023-11-15 06:03:26'),
(702, 038, 'Kilogram', 3, 10, 30, '2023-11-15 06:03:48', '2023-11-15 06:03:48'),
(703, 038, 'Kilogram', 3, 11, 35, '2023-11-15 06:04:12', '2023-11-15 06:04:12'),
(704, 038, 'Kilogram', 3, 12, 25, '2023-11-15 06:04:32', '2023-11-15 06:04:32'),
(705, 038, 'Kilogram', 3, 13, 30, '2023-11-15 06:04:49', '2023-11-15 06:04:49'),
(706, 038, 'Kilogram', 4, 1, 20, '2023-11-15 06:07:28', '2023-11-15 06:07:28'),
(707, 038, 'Kilogram', 4, 2, 25, '2023-11-15 06:07:44', '2023-11-15 06:07:44'),
(708, 038, 'Kilogram', 4, 3, 25, '2023-11-15 06:08:00', '2023-11-15 06:08:00'),
(709, 038, 'Kilogram', 4, 5, 30, '2023-11-15 06:08:19', '2023-11-15 06:08:19'),
(710, 038, 'Kilogram', 4, 6, 35, '2023-11-15 06:08:50', '2023-11-15 06:08:50'),
(711, 038, 'Kilogram', 4, 7, 20, '2023-11-15 06:09:16', '2023-11-15 06:09:16');

Ronde ke 2
INSERT INTO `barang_tahun_bulan` (`id`, `barang_id`, `satuan`, `tahun_id`, `bulan_id`, `jumlah`, `created_at`, `updated_at`) VALUES
-- (712, 039, 'Kilogram', 4, 8, 25, '2023-11-15 06:09:57', '2023-11-15 06:09:57'),
-- (713, 039, 'Kilogram', 4, 9, 25, '2023-11-15 06:10:24', '2023-11-15 06:10:24'),
-- (714, 039, 'Kilogram', 4, 10, 30, '2023-11-15 06:10:41', '2023-11-15 06:10:41'),
-- (715, 039, 'Kilogram', 4, 11, 35, '2023-11-15 06:11:00', '2023-11-15 06:11:00'),
(716, 040, 'Kilogram', 4, 12, 25, '2023-11-15 06:11:17', '2023-11-15 06:11:17'),
(717, 040, 'Kilogram', 4, 13, 30, '2023-11-15 06:11:32', '2023-11-15 06:11:32'),
(718, 040, 'Kilogram', 5, 1, 20, '2023-11-15 06:11:56', '2023-11-15 06:11:56'),
(719, 040, 'Kilogram', 5, 3, 25, '2023-11-15 06:12:10', '2023-11-15 06:12:10'),
(720, 041, 'Kilogram', 5, 5, 30, '2023-11-15 06:12:25', '2023-11-15 06:12:25'),
(721, 041, 'Kilogram', 5, 6, 35, '2023-11-15 06:12:42', '2023-11-15 06:12:42'),
(722, 041, 'Kilogram', 2, 1, 10, '2023-11-15 06:13:24', '2023-11-15 06:13:24'),
(723, 041, 'Kilogram', 2, 2, 10, '2023-11-15 06:14:00', '2023-11-15 06:14:00'),
(724, 041, 'Kilogram', 2, 3, 5, '2023-11-15 06:14:34', '2023-11-15 06:14:34'),
(725, 042, 'Kilogram', 2, 5, 5, '2023-11-15 06:14:51', '2023-11-15 06:14:51'),
(726, 042, 'Kilogram', 2, 6, 5, '2023-11-15 06:15:07', '2023-11-15 06:15:07'),
(727, 042, 'Kilogram', 2, 7, 10, '2023-11-15 06:15:27', '2023-11-15 06:15:27'),
(728, 043, 'Kilogram', 2, 8, 10, '2023-11-15 06:15:44', '2023-11-15 06:15:44'),
(729, 043, 'Kilogram', 2, 9, 5, '2023-11-15 06:15:59', '2023-11-15 06:15:59'),
(730, 043, 'Kilogram', 2, 10, 5, '2023-11-15 06:16:14', '2023-11-15 06:16:14'),
(731, 044, 'Kilogram', 2, 11, 5, '2023-11-15 06:16:31', '2023-11-15 06:16:31'),
(732, 044, 'Kilogram', 2, 12, 5, '2023-11-15 06:16:47', '2023-11-15 06:16:47'),
(733, 044, 'Kilogram', 2, 13, 5, '2023-11-15 06:17:06', '2023-11-15 06:17:06'),
(734, 045, 'Kilogram', 3, 1, 10, '2023-11-15 06:17:46', '2023-11-15 06:17:46'),
(735, 045, 'Kilogram', 3, 2, 10, '2023-11-15 06:18:00', '2023-11-15 06:18:00'),
(736, 046, 'Kilogram', 3, 3, 5, '2023-11-15 06:18:18', '2023-11-15 06:18:18'),
(737, 046, 'Kilogram', 3, 5, 5, '2023-11-15 06:18:45', '2023-11-15 06:18:45'),
(738, 046, 'Kilogram', 3, 6, 5, '2023-11-15 06:19:05', '2023-11-15 06:19:05'),
(739, 046, 'Kilogram', 3, 7, 10, '2023-11-15 06:19:21', '2023-11-15 06:19:21'),
(740, 046, 'Kilogram', 3, 8, 10, '2023-11-15 06:19:37', '2023-11-15 06:19:37'),
(741, 046, 'Kilogram', 3, 9, 5, '2023-11-15 06:20:32', '2023-11-15 06:20:32'),
(742, 046, 'Kilogram', 3, 10, 5, '2023-11-15 06:20:51', '2023-11-15 06:20:51'),
(743, 046, 'Kilogram', 3, 11, 5, '2023-11-15 06:21:07', '2023-11-15 06:21:07'),
(744, 047, 'Kilogram', 3, 12, 5, '2023-11-15 06:21:25', '2023-11-15 06:21:25'),
(745, 047, 'Kilogram', 3, 13, 5, '2023-11-15 06:21:40', '2023-11-15 06:21:40'),
(746, 047, 'Kilogram', 4, 1, 10, '2023-11-15 06:22:04', '2023-11-15 06:22:04'),
(747, 047, 'Kilogram', 4, 2, 10, '2023-11-15 06:22:21', '2023-11-15 06:22:21'),
(748, 047, 'Kilogram', 4, 3, 5, '2023-11-15 06:22:38', '2023-11-15 06:22:38'),
(749, 047, 'Kilogram', 4, 5, 5, '2023-11-15 06:22:50', '2023-11-15 06:22:50'),
(750, 047, 'Kilogram', 4, 6, 5, '2023-11-15 06:23:06', '2023-11-15 06:23:06'),
(751, 047, 'Kilogram', 4, 7, 10, '2023-11-15 06:23:21', '2023-11-15 06:23:21'),
(752, 047, 'Kilogram', 4, 8, 10, '2023-11-15 06:23:38', '2023-11-15 06:23:38'),
(753, 047, 'Kilogram', 4, 9, 5, '2023-11-15 06:23:53', '2023-11-15 06:23:53'),
(754, 047, 'Kilogram', 4, 10, 5, '2023-11-15 06:24:07', '2023-11-15 06:24:07'),
(755, 047, 'Kilogram', 4, 11, 5, '2023-11-15 06:24:22', '2023-11-15 06:24:22'),
(756, 048, 'Kilogram', 4, 12, 5, '2023-11-15 06:24:37', '2023-11-15 06:24:37'),
(757, 048, 'Kilogram', 4, 13, 5, '2023-11-15 06:24:55', '2023-11-15 06:24:55'),
(758, 048, 'Kilogram', 5, 1, 10, '2023-11-15 06:25:18', '2023-11-15 06:25:18'),
(759, 048, 'Kilogram', 5, 2, 10, '2023-11-15 06:25:35', '2023-11-15 06:25:35'),
(760, 048, 'Kilogram', 5, 3, 5, '2023-11-15 06:25:50', '2023-11-15 06:25:50'),
(762, 048, 'Kilogram', 5, 5, 5, '2023-11-15 06:26:50', '2023-11-15 06:26:50'),
(763, 048, 'Kilogram', 5, 6, 5, '2023-11-15 06:27:47', '2023-11-15 06:27:47'),
(764, 048, 'Kilogram', 2, 1, 20, '2023-11-15 07:16:44', '2023-11-15 07:16:44'),
(765, 048, 'Kilogram', 2, 2, 20, '2023-11-15 07:17:05', '2023-11-15 07:17:05'),
(766, 048, 'Kilogram', 2, 3, 20, '2023-11-15 07:17:24', '2023-11-15 07:17:24'),
(767, 048, 'Kilogram', 2, 5, 40, '2023-11-15 07:17:41', '2023-11-15 07:17:41'),
(768, 048, 'Kilogram', 2, 6, 20, '2023-11-15 07:17:57', '2023-11-15 07:17:57'),
(769, 048, 'Kilogram', 2, 7, 20, '2023-11-15 07:18:20', '2023-11-15 07:18:20'),
(770, 048, 'Kilogram', 2, 8, 20, '2023-11-15 07:19:01', '2023-11-15 07:19:01'),
(771, 048, 'Kilogram', 2, 9, 20, '2023-11-15 07:19:13', '2023-11-15 07:19:13'),
(772, 049, 'Kilogram', 2, 10, 20, '2023-11-15 07:19:35', '2023-11-15 07:19:35'),
(773, 049, 'Kilogram', 2, 11, 20, '2023-11-15 07:19:50', '2023-11-15 07:19:50'),
(774, 049, 'Kilogram', 2, 12, 30, '2023-11-15 07:20:05', '2023-11-15 07:20:05'),
(775, 049, 'Kilogram', 2, 13, 30, '2023-11-15 07:20:22', '2023-11-15 07:20:22'),
(776, 049, 'Kilogram', 3, 1, 20, '2023-11-15 07:20:55', '2023-11-15 07:20:55'),
(777, 049, 'Kilogram', 3, 2, 20, '2023-11-15 07:21:12', '2023-11-15 07:21:12'),
(778, 049, 'Kilogram', 3, 3, 20, '2023-11-15 07:21:28', '2023-11-15 07:21:28'),
(779, 049, 'Kilogram', 3, 5, 40, '2023-11-15 07:21:46', '2023-11-15 07:21:46'),
(780, 050, 'Kilogram', 3, 6, 20, '2023-11-15 07:22:02', '2023-11-15 07:22:02'),
(781, 050, 'Kilogram', 3, 7, 20, '2023-11-15 07:22:20', '2023-11-15 07:22:20'),
(782, 050, 'Kilogram', 3, 8, 20, '2023-11-15 07:22:34', '2023-11-15 07:22:34'),
(783, 050, 'Kilogram', 3, 9, 20, '2023-11-15 07:22:54', '2023-11-15 07:22:54'),
(784, 050, 'Kilogram', 3, 10, 20, '2023-11-15 07:23:10', '2023-11-15 07:23:10'),
(785, 050, 'Kilogram', 3, 11, 20, '2023-11-15 07:23:25', '2023-11-15 07:23:25'),
(786, 050, 'Kilogram', 3, 12, 30, '2023-11-15 07:23:39', '2023-11-15 07:23:39'),
(787, 050, 'Kilogram', 3, 13, 30, '2023-11-15 07:23:55', '2023-11-15 07:23:55'),
(788, 050, 'Kilogram', 4, 1, 20, '2023-11-15 07:24:20', '2023-11-15 07:24:20'),
(789, 050, 'Kilogram', 4, 2, 20, '2023-11-15 07:25:18', '2023-11-15 07:25:18'),
(790, 050, 'Kilogram', 4, 5, 40, '2023-11-15 07:25:42', '2023-11-15 07:25:42'),
(791, 050, 'Kilogram', 4, 6, 20, '2023-11-15 07:25:58', '2023-11-15 07:25:58'),
(792, 050, 'Kilogram', 4, 7, 20, '2023-11-15 07:26:20', '2023-11-15 07:26:20'),
(793, 051, 'Kilogram', 4, 8, 70, '2023-11-15 07:26:38', '2023-11-15 07:26:38'),
(794, 051, 'Kilogram', 4, 9, 20, '2023-11-15 07:26:56', '2023-11-15 07:26:56'),
(795, 051, 'Kilogram', 4, 10, 20, '2023-11-15 07:27:11', '2023-11-15 07:27:11'),
(796, 051, 'Kilogram', 4, 11, 20, '2023-11-15 07:27:32', '2023-11-15 07:27:32'),
(797, 051, 'Kilogram', 4, 12, 50, '2023-11-15 07:27:48', '2023-11-15 07:27:48'),
(798, 051, 'Kilogram', 4, 13, 50, '2023-11-15 07:28:04', '2023-11-15 07:28:04'),
(799, 051, 'Kilogram', 5, 1, 20, '2023-11-15 07:28:27', '2023-11-15 07:28:27'),
(800, 051, 'Kilogram', 5, 2, 20, '2023-11-15 07:28:42', '2023-11-15 07:28:42'),
(801, 051, 'Kilogram', 5, 3, 20, '2023-11-15 07:28:59', '2023-11-15 07:28:59'),
(802, 051, 'Kilogram', 5, 5, 20, '2023-11-15 07:29:15', '2023-11-15 07:29:15'),
(803, 051, 'Kilogram', 5, 6, 20, '2023-11-15 07:29:42', '2023-11-15 07:29:42'),
(804, 052, 'Kilogram', 2, 1, 10, '2023-11-15 07:30:08', '2023-11-15 07:30:08'),
(805, 052, 'Kilogram', 2, 2, 10, '2023-11-15 07:30:23', '2023-11-15 07:30:23'),
(806, 052, 'Kilogram', 2, 3, 10, '2023-11-15 07:30:41', '2023-11-15 07:30:41'),
(807, 052, 'Kilogram', 2, 5, 10, '2023-11-15 07:30:55', '2023-11-15 07:30:55'),
(808, 052, 'Kilogram', 2, 6, 10, '2023-11-15 07:31:59', '2023-11-15 07:31:59'),
(809, 052, 'Kilogram', 2, 7, 20, '2023-11-15 07:32:21', '2023-11-15 07:32:21'),
(810, 052, 'Kilogram', 2, 8, 20, '2023-11-15 07:32:35', '2023-11-15 07:32:35'),
-- batas barusan --
(811, 052, 'Kilogram', 2, 9, 50, '2023-11-15 07:32:51', '2023-11-15 07:32:51'),
(812, 052, 'Kilogram', 2, 10, 50, '2023-11-15 07:33:06', '2023-11-15 07:33:06'),
(813, 052, 'Kilogram', 2, 11, 50, '2023-11-15 07:33:48', '2023-11-15 07:33:48'),
(814, 052, 'Kilogram', 2, 12, 50, '2023-11-15 07:34:41', '2023-11-15 07:34:41'),
(815, 052, 'Kilogram', 2, 13, 50, '2023-11-15 07:34:57', '2023-11-15 07:34:57'),
(816, 052, 'Kilogram', 3, 1, 10, '2023-11-15 07:35:45', '2023-11-15 07:35:45'),
(817, 052, 'Kilogram', 3, 2, 10, '2023-11-15 07:35:59', '2023-11-15 07:35:59'),
(818, 052, 'Kilogram', 3, 3, 10, '2023-11-15 07:36:16', '2023-11-15 07:36:16'),
(819, 052, 'Kilogram', 3, 5, 10, '2023-11-15 07:36:30', '2023-11-15 07:36:30'),
(820, 052, 'Kilogram', 3, 6, 10, '2023-11-15 07:36:48', '2023-11-15 07:36:48'),
(821, 052, 'Kilogram', 3, 7, 20, '2023-11-15 07:37:17', '2023-11-15 07:37:17'),
(822, 052, 'Kilogram', 3, 8, 20, '2023-11-15 07:37:33', '2023-11-15 07:37:33'),
(823, 053, 'Kilogram', 3, 9, 50, '2023-11-15 07:37:48', '2023-11-15 07:38:05'),
(824, 053, 'Kilogram', 3, 10, 50, '2023-11-15 07:38:22', '2023-11-15 07:38:22'),
(825, 053, 'Kilogram', 3, 11, 50, '2023-11-15 07:38:38', '2023-11-15 07:38:38'),
(826, 053, 'Kilogram', 3, 12, 50, '2023-11-15 07:38:57', '2023-11-15 07:38:57'),
(827, 053, 'Kilogram', 3, 13, 50, '2023-11-15 07:39:19', '2023-11-15 07:39:19'),
(828, 053, 'Kilogram', 4, 1, 10, '2023-11-15 07:39:41', '2023-11-15 07:39:41'),
(829, 053, 'Kilogram', 4, 2, 10, '2023-11-15 07:39:58', '2023-11-15 07:39:58'),
(830, 053, 'Kilogram', 4, 3, 10, '2023-11-15 07:40:13', '2023-11-15 07:40:13'),
(831, 053, 'Kilogram', 4, 5, 10, '2023-11-15 07:40:27', '2023-11-15 07:40:27'),
(832, 053, 'Kilogram', 4, 6, 10, '2023-11-15 07:40:42', '2023-11-15 07:40:42'),
(833, 053, 'Kilogram', 4, 7, 20, '2023-11-15 07:40:56', '2023-11-15 07:40:56'),
(834, 053, 'Kilogram', 4, 8, 20, '2023-11-15 07:41:11', '2023-11-15 07:41:11'),
(835, 054, 'Kilogram', 4, 9, 50, '2023-11-15 07:41:30', '2023-11-15 07:41:30'),
(836, 054, 'Kilogram', 4, 10, 50, '2023-11-15 07:41:45', '2023-11-15 07:41:45'),
(837, 054, 'Kilogram', 4, 11, 50, '2023-11-15 07:42:14', '2023-11-15 07:42:14'),
(838, 055, 'Kilogram', 4, 12, 50, '2023-11-15 07:42:32', '2023-11-15 07:42:32'),
(839, 055, 'Kilogram', 4, 13, 50, '2023-11-15 07:42:48', '2023-11-15 07:42:48'),
(840, 055, 'Kilogram', 5, 1, 10, '2023-11-15 07:43:05', '2023-11-15 07:43:05'),
(841, 056, 'Kilogram', 5, 2, 10, '2023-11-15 07:43:20', '2023-11-15 07:43:20'),
(842, 056, 'Kilogram', 5, 3, 10, '2023-11-15 07:43:35', '2023-11-15 07:43:35'),
(843, 055, 'Kilogram', 5, 5, 10, '2023-11-15 07:43:49', '2023-11-15 07:43:49'),
(844, 057, 'Kilogram', 5, 6, 10, '2023-11-15 07:44:03', '2023-11-15 07:44:03'),
(845, 057, 'Kilogram', 2, 1, 10, '2023-11-15 07:45:05', '2023-11-15 07:45:05'),
(846, 057, 'Kilogram', 2, 2, 10, '2023-11-15 07:45:29', '2023-11-15 07:45:29'),
(847, 057, 'Kilogram', 2, 3, 10, '2023-11-15 07:45:50', '2023-11-15 07:45:50'),
(848, 058, 'Kilogram', 2, 5, 10, '2023-11-15 07:46:05', '2023-11-15 07:46:05'),
(849, 058, 'Kilogram', 2, 6, 10, '2023-11-15 07:46:24', '2023-11-15 07:46:24'),
(850, 058, 'Kilogram', 2, 7, 10, '2023-11-15 07:46:39', '2023-11-15 07:46:39'),
(851, 058, 'Kilogram', 2, 8, 10, '2023-11-15 07:46:54', '2023-11-15 07:46:54'),
(852, 058, 'Kilogram', 2, 9, 10, '2023-11-15 07:48:44', '2023-11-15 07:48:44'),
(853, 058, 'Kilogram', 2, 10, 10, '2023-11-15 07:48:58', '2023-11-15 07:48:58'),
(854, 058, 'Kilogram', 2, 11, 10, '2023-11-15 07:49:19', '2023-11-15 07:49:19'),
(855, 058, 'Kilogram', 2, 12, 10, '2023-11-15 07:49:39', '2023-11-15 07:49:39'),
(856, 058, 'Kilogram', 2, 13, 10, '2023-11-15 07:49:54', '2023-11-15 07:49:54'),
(857, 058, 'Kilogram', 3, 1, 10, '2023-11-15 07:50:13', '2023-11-15 07:50:13'),
(858, 058, 'Kilogram', 3, 2, 10, '2023-11-15 07:56:51', '2023-11-15 07:56:51'),
(859, 058, 'Kilogram', 3, 3, 10, '2023-11-15 07:57:15', '2023-11-15 07:57:15'),
(860, 058, 'Kilogram', 3, 5, 10, '2023-11-15 07:57:33', '2023-11-15 07:57:33'),
(861, 058, 'Kilogram', 3, 6, 10, '2023-11-15 07:57:48', '2023-11-15 07:57:48'),
(862, 058, 'Kilogram', 3, 7, 10, '2023-11-15 07:58:04', '2023-11-15 07:58:04');

-- ronde 3
(863, 058, 'Kilogram', 3, 8, 10, '2023-11-15 07:58:21', '2023-11-15 07:58:21'),
(864, 058, 'Kilogram', 3, 9, 10, '2023-11-15 07:58:36', '2023-11-15 07:58:36'),
(865, 058, 'Kilogram', 3, 10, 10, '2023-11-15 07:58:57', '2023-11-15 07:58:57'),
(866, 059, 'Kilogram', 3, 11, 10, '2023-11-15 07:59:18', '2023-11-15 07:59:18'),
(867, 059, 'Kilogram', 3, 12, 10, '2023-11-15 07:59:34', '2023-11-15 07:59:34'),
(868, 059, 'Kilogram', 3, 13, 10, '2023-11-15 07:59:50', '2023-11-15 07:59:50'),
(869, 059, 'Kilogram', 4, 1, 10, '2023-11-15 08:00:35', '2023-11-15 08:00:35'),
(870, 059, 'Kilogram', 4, 2, 10, '2023-11-15 08:00:52', '2023-11-15 08:00:52'),
(871, 060, 'Kilogram', 4, 3, 10, '2023-11-15 08:01:07', '2023-11-15 08:01:07'),
(872, 060, 'Kilogram', 4, 5, 10, '2023-11-15 08:01:23', '2023-11-15 08:01:23'),
(873, 060, 'Kilogram', 4, 6, 10, '2023-11-15 08:01:40', '2023-11-15 08:01:40'),
(874, 060, 'Kilogram', 4, 7, 10, '2023-11-15 08:01:58', '2023-11-15 08:01:58'),
(875, 061, 'Kilogram', 4, 8, 10, '2023-11-15 08:02:13', '2023-11-15 08:02:13'),
(876, 061, 'Kilogram', 4, 9, 10, '2023-11-15 08:02:29', '2023-11-15 08:02:29'),
(877, 061, 'Kilogram', 4, 10, 10, '2023-11-15 08:02:45', '2023-11-15 08:02:45'),
(878, 061, 'Kilogram', 4, 11, 10, '2023-11-15 08:03:37', '2023-11-15 08:03:37'),
(879, 062, 'Kilogram', 4, 12, 10, '2023-11-15 08:03:54', '2023-11-15 08:03:54'),
(880, 062, 'Kilogram', 4, 13, 10, '2023-11-15 08:04:09', '2023-11-15 08:04:09'),
(881, 062, 'Kilogram', 5, 1, 10, '2023-11-15 08:04:29', '2023-11-15 08:04:29'),
(882, 062, 'Kilogram', 5, 2, 10, '2023-11-15 08:04:46', '2023-11-15 08:04:46'),
(883, 062, 'Kilogram', 5, 3, 10, '2023-11-15 08:05:01', '2023-11-15 08:05:01'),
(884, 062, 'Kilogram', 5, 5, 10, '2023-11-15 08:05:17', '2023-11-15 08:05:17'),
(885, 062, 'Kilogram', 5, 13, 10, '2023-11-15 08:05:33', '2023-11-15 08:05:33'),
(886, 063, 'Kilogram', 2, 1, 5, '2023-11-15 08:06:27', '2023-11-15 08:06:27'),
(887, 063, 'Kilogram', 2, 2, 5, '2023-11-15 08:06:43', '2023-11-15 08:06:43'),
(888, 063, 'Kilogram', 2, 3, 10, '2023-11-15 08:07:01', '2023-11-15 08:07:01'),
(889, 063, 'Kilogram', 2, 5, 10, '2023-11-15 08:07:17', '2023-11-15 08:07:17'),
(890, 063, 'Kilogram', 2, 6, 10, '2023-11-15 08:08:06', '2023-11-15 08:08:06'),
(891, 063, 'Kilogram', 2, 7, 5, '2023-11-15 08:08:20', '2023-11-15 08:08:20'),
(892, 064, 'Kilogram', 2, 8, 5, '2023-11-15 08:08:33', '2023-11-15 08:08:33'),
(893, 064, 'Kilogram', 2, 9, 10, '2023-11-15 08:08:49', '2023-11-15 08:08:49'),
(894, 064, 'Kilogram', 2, 10, 10, '2023-11-15 08:09:05', '2023-11-15 08:09:05'),
(895, 064, 'Kilogram', 2, 11, 10, '2023-11-15 08:09:22', '2023-11-15 08:09:22'),
(896, 064, 'Kilogram', 2, 12, 30, '2023-11-15 08:09:38', '2023-11-15 08:09:38'),
(897, 065, 'Kilogram', 2, 13, 50, '2023-11-15 08:09:55', '2023-11-15 08:09:55'),
(898, 065, 'Kilogram', 3, 1, 5, '2023-11-15 10:23:56', '2023-11-15 10:23:56'),
(899, 065, 'Kilogram', 3, 2, 5, '2023-11-15 10:24:13', '2023-11-15 10:24:13'),
(900, 065, 'Kilogram', 3, 3, 10, '2023-11-15 10:24:30', '2023-11-15 10:24:30'),
(901, 065, 'Kilogram', 3, 5, 10, '2023-11-15 10:24:46', '2023-11-15 10:24:46'),
(902, 065, 'Kilogram', 3, 6, 10, '2023-11-15 10:25:04', '2023-11-15 10:25:04'),
(903, 065, 'Kilogram', 3, 7, 5, '2023-11-15 10:25:19', '2023-11-15 10:25:19'),
(904, 065, 'Kilogram', 3, 8, 5, '2023-11-15 10:25:36', '2023-11-15 10:25:36'),
(905, 065, 'Kilogram', 3, 9, 10, '2023-11-15 10:25:52', '2023-11-15 10:25:52'),
(906, 065, 'Kilogram', 3, 10, 10, '2023-11-15 10:26:08', '2023-11-15 10:26:08'),
(907, 065, 'Kilogram', 3, 11, 10, '2023-11-15 10:26:24', '2023-11-15 10:26:24'),
(908, 065, 'Kilogram', 3, 12, 30, '2023-11-15 10:26:41', '2023-11-15 10:26:41'),
(909, 066, 'Kilogram', 3, 13, 50, '2023-11-15 10:26:59', '2023-11-15 10:31:41'),
(910, 066, 'Kilogram', 4, 1, 5, '2023-11-15 10:27:21', '2023-11-15 10:27:21'),
(911, 066, 'Kilogram', 4, 2, 5, '2023-11-15 10:27:38', '2023-11-15 10:27:38'),
(912, 066, 'Kilogram', 4, 3, 10, '2023-11-15 10:28:02', '2023-11-15 10:28:02'),
(913, 067, 'Kilogram', 4, 5, 10, '2023-11-15 10:28:23', '2023-11-15 10:28:23'),
(914, 067, 'Kilogram', 4, 6, 10, '2023-11-15 10:28:53', '2023-11-15 10:28:53'),
(915, 067, 'Kilogram', 4, 7, 5, '2023-11-15 10:29:17', '2023-11-15 10:29:17'),
(916, 067, 'Kilogram', 4, 8, 5, '2023-11-15 10:29:44', '2023-11-15 10:29:44'),
(917, 068, 'Kilogram', 4, 9, 10, '2023-11-15 10:29:59', '2023-11-15 10:29:59'),
(918, 068, 'Kilogram', 4, 10, 10, '2023-11-15 10:30:20', '2023-11-15 10:30:20'),
(919, 068, 'Kilogram', 4, 11, 10, '2023-11-15 10:30:57', '2023-11-15 10:30:57'),
(920, 068, 'Kilogram', 4, 12, 30, '2023-11-15 10:32:15', '2023-11-15 10:32:15'),
(921, 069, 'Kilogram', 4, 13, 50, '2023-11-15 10:32:33', '2023-11-15 10:32:33'),
(922, 069, 'Kilogram', 5, 1, 5, '2023-11-15 10:33:01', '2023-11-15 10:33:01'),
(923, 069, 'Kilogram', 5, 2, 5, '2023-11-15 10:33:18', '2023-11-15 10:33:18'),
(924, 069, 'Kilogram', 5, 3, 10, '2023-11-15 10:33:39', '2023-11-15 10:33:39'),
(925, 069, 'Kilogram', 5, 5, 10, '2023-11-15 10:33:59', '2023-11-15 10:33:59'),
(926, 069, 'Kilogram', 5, 6, 10, '2023-11-15 10:34:16', '2023-11-15 10:34:16'),
(927, 069, 'Kilogram', 2, 1, 5, '2023-11-15 10:35:39', '2023-11-15 10:35:39'),
(928, 069, 'Kilogram', 2, 2, 10, '2023-11-15 10:35:56', '2023-11-15 10:35:56'),
(929, 069, 'Kilogram', 2, 3, 10, '2023-11-15 10:36:13', '2023-11-15 10:36:13'),
(930, 069, 'Kilogram', 2, 5, 15, '2023-11-15 10:36:31', '2023-11-15 10:36:31'),
(931, 069, 'Kilogram', 2, 6, 20, '2023-11-15 10:36:55', '2023-11-15 10:36:55'),
(932, 069, 'Kilogram', 2, 7, 5, '2023-11-15 10:37:12', '2023-11-15 10:37:12'),
(933, 070, 'Kilogram', 2, 8, 10, '2023-11-15 10:37:29', '2023-11-15 10:37:29'),
(934, 070, 'Kilogram', 2, 9, 10, '2023-11-15 10:37:44', '2023-11-15 10:37:44'),
(935, 070, 'Kilogram', 2, 10, 15, '2023-11-15 10:38:06', '2023-11-15 10:38:06'),
(936, 070, 'Kilogram', 2, 11, 20, '2023-11-15 10:38:23', '2023-11-15 10:38:23'),
(937, 070, 'Kilogram', 2, 12, 50, '2023-11-15 10:38:43', '2023-11-15 10:38:43'),
(938, 070, 'Kilogram', 2, 13, 50, '2023-11-15 10:39:06', '2023-11-15 10:39:06'),
(939, 070, 'Kilogram', 3, 1, 5, '2023-11-15 10:39:24', '2023-11-15 10:39:24'),
(940, 070, 'Kilogram', 3, 2, 10, '2023-11-15 10:39:44', '2023-11-15 10:39:44'),
(941, 070, 'Kilogram', 3, 5, 15, '2023-11-15 10:40:15', '2023-11-15 10:40:15'),
(942, 070, 'Kilogram', 3, 6, 20, '2023-11-15 10:40:41', '2023-11-15 10:40:41'),
(943, 070, 'Kilogram', 3, 7, 5, '2023-11-15 10:40:58', '2023-11-15 10:40:58'),
(944, 070, 'Kilogram', 3, 8, 10, '2023-11-15 10:41:21', '2023-11-15 10:41:21'),
(945, 071, 'Kilogram', 3, 9, 10, '2023-11-15 10:41:47', '2023-11-15 10:41:47'),
(946, 071, 'Kilogram', 3, 10, 15, '2023-11-15 10:42:07', '2023-11-15 10:42:07'),
(947, 071, 'Kilogram', 3, 11, 20, '2023-11-15 10:42:24', '2023-11-15 10:42:24'),
(948, 071, 'Kilogram', 3, 12, 50, '2023-11-15 10:42:46', '2023-11-15 10:42:46'),
(949, 071, 'Kilogram', 3, 13, 50, '2023-11-15 10:43:04', '2023-11-15 10:43:04'),
(950, 071, 'Kilogram', 4, 1, 5, '2023-11-15 10:43:27', '2023-11-15 10:43:27'),
(951, 071, 'Kilogram', 4, 2, 10, '2023-11-15 10:43:44', '2023-11-15 10:43:44'),
(952, 071, 'Kilogram', 4, 3, 10, '2023-11-15 10:44:00', '2023-11-15 10:44:00'),
(953, 072, 'Kilogram', 4, 5, 15, '2023-11-15 10:44:22', '2023-11-15 10:44:22'),
(954, 072, 'Kilogram', 4, 6, 20, '2023-11-15 10:44:38', '2023-11-15 10:44:38'),
(955, 072, 'Kilogram', 4, 7, 5, '2023-11-15 10:45:04', '2023-11-15 10:45:04'),
(956, 072, 'Kilogram', 4, 8, 10, '2023-11-15 10:45:21', '2023-11-15 10:45:21'),
(957, 072, 'Kilogram', 4, 9, 10, '2023-11-15 10:45:43', '2023-11-15 10:45:43'),
(958, 072, 'Kilogram', 4, 10, 15, '2023-11-15 10:46:03', '2023-11-15 10:46:03'),
(959, 072, 'Kilogram', 4, 11, 20, '2023-11-15 10:46:28', '2023-11-15 10:46:28'),
(960, 072, 'Kilogram', 4, 12, 50, '2023-11-15 10:46:49', '2023-11-15 10:46:49'),
(961, 072, 'Kilogram', 4, 13, 50, '2023-11-15 10:47:12', '2023-11-15 10:47:12'),
(962, 073, 'Kilogram', 5, 1, 5, '2023-11-15 10:47:37', '2023-11-15 10:47:37'),
(963, 073, 'Kilogram', 5, 2, 10, '2023-11-15 10:47:55', '2023-11-15 10:47:55'),
(964, 073, 'Kilogram', 5, 3, 10, '2023-11-15 10:48:14', '2023-11-15 10:48:14'),
(965, 073, 'Kilogram', 5, 5, 15, '2023-11-15 10:48:45', '2023-11-15 10:48:45'),
(966, 073, 'Kilogram', 5, 6, 20, '2023-11-15 10:49:06', '2023-11-15 10:49:06'),
(967, 073, 'Kilogram', 2, 1, 5, '2023-11-15 10:49:47', '2023-11-15 10:49:47'),
(968, 074, 'Kilogram', 2, 2, 10, '2023-11-15 10:50:06', '2023-11-15 10:50:06'),
(969, 074, 'Kilogram', 2, 3, 10, '2023-11-15 10:50:20', '2023-11-15 10:50:20'),
(970, 074, 'Kilogram', 2, 5, 15, '2023-11-15 10:50:40', '2023-11-15 10:50:40'),
(971, 074, 'Kilogram', 2, 6, 10, '2023-11-15 10:50:55', '2023-11-15 10:50:55'),
(972, 074, 'Kilogram', 2, 7, 5, '2023-11-15 10:51:30', '2023-11-15 10:51:30'),
(973, 074, 'Kilogram', 2, 8, 10, '2023-11-15 10:51:46', '2023-11-15 10:51:46'),
(974, 075, 'Kilogram', 2, 9, 10, '2023-11-15 10:52:04', '2023-11-15 10:52:04'),
(975, 075, 'Kilogram', 2, 10, 15, '2023-11-15 10:52:47', '2023-11-15 10:52:47'),
(976, 075, 'Kilogram', 2, 11, 10, '2023-11-15 10:53:03', '2023-11-15 10:53:03'),
(977, 075, 'Kilogram', 2, 12, 25, '2023-11-15 10:53:19', '2023-11-15 10:53:19'),
(978, 075, 'Kilogram', 2, 13, 20, '2023-11-15 10:53:48', '2023-11-15 10:53:48'),
(979, 075, 'Kilogram', 3, 1, 5, '2023-11-15 10:54:07', '2023-11-15 10:54:07'),
(980, 075, 'Kilogram', 3, 2, 10, '2023-11-15 10:54:25', '2023-11-15 10:54:25'),
(981, 075, 'Kilogram', 3, 3, 10, '2023-11-15 10:54:43', '2023-11-15 10:54:43'),
(982, 075, 'Kilogram', 3, 5, 15, '2023-11-15 10:55:07', '2023-11-15 10:55:07'),
(983, 075, 'Kilogram', 3, 6, 10, '2023-11-15 10:55:26', '2023-11-15 10:55:26'),
(984, 075, 'Kilogram', 3, 7, 5, '2023-11-15 10:55:44', '2023-11-15 10:55:44'),
(985, 076, 'Kilogram', 3, 8, 10, '2023-11-15 10:56:00', '2023-11-15 10:56:00'),
(986, 076, 'Kilogram', 3, 9, 10, '2023-11-15 10:56:20', '2023-11-15 10:56:20'),
(987, 076, 'Kilogram', 3, 10, 15, '2023-11-15 10:56:40', '2023-11-15 10:56:40'),
(988, 076, 'Kilogram', 3, 11, 10, '2023-11-15 10:57:03', '2023-11-15 10:57:03'),
(989, 076, 'Kilogram', 3, 12, 25, '2023-11-15 10:57:21', '2023-11-15 10:57:21'),
(990, 076, 'Kilogram', 3, 13, 20, '2023-11-15 10:57:36', '2023-11-15 10:57:36'),
(991, 076, 'Kilogram', 4, 1, 5, '2023-11-15 10:58:00', '2023-11-15 10:58:00'),
(992, 076, 'Kilogram', 4, 2, 10, '2023-11-15 10:58:20', '2023-11-15 10:58:20'),
(993, 077, 'Kilogram', 4, 3, 10, '2023-11-15 10:58:35', '2023-11-15 10:58:35'),
(994, 077, 'Kilogram', 4, 5, 15, '2023-11-15 10:59:04', '2023-11-15 10:59:04'),
(995, 077, 'Kilogram', 4, 6, 10, '2023-11-15 10:59:47', '2023-11-15 10:59:47'),
(996, 077, 'Kilogram', 4, 7, 5, '2023-11-15 11:00:04', '2023-11-15 11:00:04'),
(997, 077, 'Kilogram', 4, 8, 10, '2023-11-15 11:00:22', '2023-11-15 11:00:22'),
(998, 077, 'Kilogram', 4, 9, 10, '2023-11-15 11:00:39', '2023-11-15 11:00:39'),
(999, 077, 'Kilogram', 4, 10, 15, '2023-11-15 11:00:59', '2023-11-15 11:00:59'),
(1000, 077, 'Kilogram', 4, 11, 10, '2023-11-15 11:01:16', '2023-11-15 11:01:16'),
(1001, 077, 'Kilogram', 4, 12, 25, '2023-11-15 11:01:32', '2023-11-15 11:01:32'),
(1002, 077, 'Kilogram', 4, 13, 20, '2023-11-15 11:01:51', '2023-11-15 11:01:51'),
(1003, 077, 'Kilogram', 5, 1, 5, '2023-11-15 11:02:31', '2023-11-15 11:02:31'),
(1004, 077, 'Kilogram', 5, 2, 10, '2023-11-15 11:02:47', '2023-11-15 11:02:47'),
(1005, 077, 'Kilogram', 5, 3, 10, '2023-11-15 11:03:05', '2023-11-15 11:03:05'),
(1006, 078, 'Kilogram', 5, 5, 15, '2023-11-15 11:03:46', '2023-11-15 11:03:46'),
(1007, 078, 'Kilogram', 5, 6, 10, '2023-11-15 11:04:05', '2023-11-15 11:04:05'),
(1008, 078, 'Kilogram', 2, 1, 5, '2023-11-15 11:05:06', '2023-11-15 11:05:06'),
(1009, 078, 'Kilogram', 2, 2, 5, '2023-11-15 11:05:25', '2023-11-15 11:05:25'),
(1010, 078, 'Kilogram', 2, 3, 5, '2023-11-15 11:05:39', '2023-11-15 11:05:39'),
(1011, 078, 'Kilogram', 2, 5, 5, '2023-11-15 11:05:54', '2023-11-15 11:05:54'),
(1012, 078, 'Kilogram', 2, 6, 5, '2023-11-15 11:06:09', '2023-11-15 11:06:09'),
(1013, 078, 'Kilogram', 2, 7, 5, '2023-11-15 11:06:26', '2023-11-15 11:06:26'),
(1014, 078, 'Kilogram', 2, 8, 5, '2023-11-15 11:06:42', '2023-11-15 18:54:43'),
(1014, 078, 'Kilogram', 2, 8, 5, '2023-11-15 11:06:42', '2023-11-15 18:54:43'),
(1015, 078, 'Kilogram', 2, 9, 5, '2023-11-15 11:07:20', '2023-11-15 11:07:20'),
(1016, 079, 'Kilogram', 2, 10, 5, '2023-11-15 11:07:38', '2023-11-15 11:07:38'),
(1017, 079, 'Kilogram', 2, 11, 5, '2023-11-15 11:08:08', '2023-11-15 11:08:08'),
(1018, 079, 'Kilogram', 2, 12, 5, '2023-11-15 11:08:21', '2023-11-15 11:08:21'),
(1019, 079, 'Kilogram', 2, 13, 5, '2023-11-15 11:08:37', '2023-11-15 11:08:37'),
(1020, 079, 'Kilogram', 3, 1, 5, '2023-11-15 11:08:53', '2023-11-15 11:08:53'),
(1021, 079, 'Kilogram', 3, 2, 5, '2023-11-15 11:09:09', '2023-11-15 11:09:09'),
(1022, 079, 'Kilogram', 3, 3, 5, '2023-11-15 11:09:29', '2023-11-15 11:09:29'),
(1023, 079, 'Kilogram', 3, 5, 5, '2023-11-15 11:09:45', '2023-11-15 11:09:45'),
(1024, 079, 'Kilogram', 3, 6, 5, '2023-11-15 11:10:00', '2023-11-15 11:10:00'),
(1025, 079, 'Kilogram', 3, 7, 5, '2023-11-15 11:10:21', '2023-11-15 11:10:21'),
(1026, 079, 'Kilogram', 3, 8, 5, '2023-11-15 11:10:51', '2023-11-15 11:10:51'),
(1027, 079, 'Kilogram', 3, 9, 5, '2023-11-15 11:11:08', '2023-11-15 11:11:08'),
(1028, 079, 'Kilogram', 3, 10, 5, '2023-11-15 11:11:23', '2023-11-15 11:11:23'),
(1029, 079, 'Kilogram', 3, 11, 5, '2023-11-15 11:11:37', '2023-11-15 11:11:37'),
(1030, 080, 'Kilogram', 3, 12, 5, '2023-11-15 11:11:52', '2023-11-15 11:11:52'),
(1031, 080, 'Kilogram', 3, 13, 5, '2023-11-15 11:12:11', '2023-11-15 11:12:11'),
(1032, 080, 'Kilogram', 4, 1, 5, '2023-11-15 11:12:35', '2023-11-15 11:12:35'),
(1033, 080, 'Kilogram', 4, 2, 5, '2023-11-15 11:12:52', '2023-11-15 11:12:52'),
(1034, 080, 'Kilogram', 4, 3, 5, '2023-11-15 11:13:08', '2023-11-15 11:13:08'),
(1035, 080, 'Kilogram', 4, 5, 5, '2023-11-15 11:13:27', '2023-11-15 11:13:27'),
(1036, 080, 'Kilogram', 4, 6, 5, '2023-11-15 11:13:42', '2023-11-15 11:13:42'),
(1037, 080, 'Kilogram', 4, 7, 5, '2023-11-15 11:14:00', '2023-11-15 11:14:00'),
(1038, 080, 'Kilogram', 4, 8, 5, '2023-11-15 11:14:16', '2023-11-15 11:14:16'),
(1039, 080, 'Kilogram', 4, 9, 5, '2023-11-15 11:14:30', '2023-11-15 11:14:30'),
(1040, 080, 'Kilogram', 4, 10, 5, '2023-11-15 11:14:44', '2023-11-15 11:14:44'),
(1041, 080, 'Kilogram', 4, 11, 5, '2023-11-15 11:15:07', '2023-11-15 11:15:07'),
(1042, 080, 'Kilogram', 4, 12, 5, '2023-11-15 11:15:23', '2023-11-15 11:15:23'),
(1043, 081, 'Kilogram', 4, 13, 5, '2023-11-15 11:15:39', '2023-11-15 11:15:39'),
(1044, 081, 'Kilogram', 5, 1, 5, '2023-11-15 11:16:18', '2023-11-15 11:16:18'),
(1045, 081, 'Kilogram', 5, 2, 5, '2023-11-15 11:16:37', '2023-11-15 11:16:37'),
(1046, 081, 'Kilogram', 5, 3, 5, '2023-11-15 11:16:53', '2023-11-15 11:16:53'),
(1047, 081, 'Kilogram', 5, 5, 5, '2023-11-15 11:17:13', '2023-11-15 11:17:13'),
(1048, 081, 'Kilogram', 5, 6, 5, '2023-11-15 11:17:32', '2023-11-15 11:17:32'),
(1049, 082, 'Kilogram', 5, 6, 5, '2023-11-15 11:17:32', '2023-11-15 11:17:32'),
(1050, 082, 'Kilogram', 5, 6, 5, '2023-11-15 11:17:32', '2023-11-15 11:17:32'),
(1051, 082, 'Kilogram', 5, 6, 5, '2023-11-15 11:17:32', '2023-11-15 11:17:32'),
(1052, 082, 'Kilogram', 5, 6, 5, '2023-11-15 11:17:32', '2023-11-15 11:17:32'),
(1053, 083, 'Kilogram', 5, 6, 5, '2023-11-15 11:17:32', '2023-11-15 11:17:32'),
(1054, 083, 'Kilogram', 5, 6, 5, '2023-11-15 11:17:32', '2023-11-15 11:17:32'),
(1055, 083, 'Kilogram', 5, 6, 5, '2023-11-15 11:17:32', '2023-11-15 11:17:32'),
(1056, 083, 'Kilogram', 5, 6, 5, '2023-11-15 11:17:32', '2023-11-15 11:17:32'),
(1057, 084, 'Kilogram', 5, 6, 5, '2023-11-15 11:17:32', '2023-11-15 11:17:32'),
(1058, 084, 'Kilogram', 5, 6, 5, '2023-11-15 11:17:32', '2023-11-15 11:17:32');

-- ronde 3 --
INSERT INTO `barang_tahun_bulan` (`id`, `barang_id`, `satuan`, `tahun_id`, `bulan_id`, `jumlah`, `created_at`, `updated_at`) VALUES
(1059, 085, 'Kilogram', 4, 8, 25, '2023-11-15 06:09:57', '2023-11-15 06:09:57'),
(1060, 085, 'Kilogram', 4, 8, 25, '2023-11-15 06:09:57', '2023-11-15 06:09:57'),
(1061, 085, 'Kilogram', 4, 8, 25, '2023-11-15 06:09:57', '2023-11-15 06:09:57'),
(1062, 085, 'Kilogram', 4, 8, 25, '2023-11-15 06:09:57', '2023-11-15 06:09:57'),
(1063, 085, 'Kilogram', 4, 8, 25, '2023-11-15 06:09:57', '2023-11-15 06:09:57'),
(1064, 085, 'Kilogram', 4, 8, 25, '2023-11-15 06:09:57', '2023-11-15 06:09:57'),
(1065, 085, 'Kilogram', 4, 8, 25, '2023-11-15 06:09:57', '2023-11-15 06:09:57'),
(1066, 085, 'Kilogram', 4, 8, 25, '2023-11-15 06:09:57', '2023-11-15 06:09:57'),
(1067, 085, 'Kilogram', 4, 8, 25, '2023-11-15 06:09:57', '2023-11-15 06:09:57'),
(1068, 085, 'Kilogram', 4, 8, 25, '2023-11-15 06:09:57', '2023-11-15 06:09:57'),
(1069, 086, 'Kilogram', 4, 8, 10, '2023-11-15 06:09:57', '2023-11-15 06:09:57'),
(1070, 086, 'Kilogram', 4, 8, 10, '2023-11-15 06:09:57', '2023-11-15 06:09:57'),
(1071, 086, 'Kilogram', 4, 8, 10, '2023-11-15 06:09:57', '2023-11-15 06:09:57'),
(1072, 086, 'Kilogram', 4, 8, 10, '2023-11-15 06:09:57', '2023-11-15 06:09:57'),
(1073, 086, 'Kilogram', 4, 8, 10, '2023-11-15 06:09:57', '2023-11-15 06:09:57'),
(1074, 086, 'Kilogram', 4, 8, 10, '2023-11-15 06:09:57', '2023-11-15 06:09:57'),
(1075, 086, 'Kilogram', 4, 8, 10, '2023-11-15 06:09:57', '2023-11-15 06:09:57'),
(1076, 086, 'Kilogram', 4, 8, 10, '2023-11-15 06:09:57', '2023-11-15 06:09:57'),
(1077, 087, 'Kilogram', 4, 8, 5, '2023-11-15 06:09:57', '2023-11-15 06:09:57'),
(1078, 087, 'Kilogram', 4, 8, 5, '2023-11-15 06:09:57', '2023-11-15 06:09:57'),
(1079, 087, 'Kilogram', 4, 8, 5, '2023-11-15 06:09:57', '2023-11-15 06:09:57'),
(1080, 087, 'Kilogram', 4, 8, 5, '2023-11-15 06:09:57', '2023-11-15 06:09:57'),
(1081, 087, 'Kilogram', 4, 8, 5, '2023-11-15 06:09:57', '2023-11-15 06:09:57'),
(1082, 087, 'Kilogram', 4, 8, 5, '2023-11-15 06:09:57', '2023-11-15 06:09:57'),
(1083, 087, 'Kilogram', 4, 8, 5, '2023-11-15 06:09:57', '2023-11-15 06:09:57'),
(1084, 087, 'Kilogram', 4, 8, 5, '2023-11-15 06:09:57', '2023-11-15 06:09:57'),
(1085, 087, 'Kilogram', 4, 8, 5, '2023-11-15 06:09:57', '2023-11-15 06:09:57'),
(1086, 088, 'Kilogram', 4, 8, 20, '2023-11-15 06:09:57', '2023-11-15 06:09:57'),
(1087, 088, 'Kilogram', 4, 8, 20, '2023-11-15 06:09:57', '2023-11-15 06:09:57'),
(1088, 088, 'Kilogram', 4, 8, 20, '2023-11-15 06:09:57', '2023-11-15 06:09:57'),
(1089, 088, 'Kilogram', 4, 8, 20, '2023-11-15 06:09:57', '2023-11-15 06:09:57'),
(1090, 088, 'Kilogram', 4, 8, 20, '2023-11-15 06:09:57', '2023-11-15 06:09:57'),
(1091, 088, 'Kilogram', 4, 8, 20, '2023-11-15 06:09:57', '2023-11-15 06:09:57'),
(1092, 088, 'Kilogram', 4, 8, 20, '2023-11-15 06:09:57', '2023-11-15 06:09:57'),
(1093, 088, 'Kilogram', 4, 8, 20, '2023-11-15 06:09:57', '2023-11-15 06:09:57'),
(1094, 088, 'Kilogram', 4, 8, 20, '2023-11-15 06:09:57', '2023-11-15 06:09:57'),
(1095, 088, 'Kilogram', 4, 8, 20, '2023-11-15 06:09:57', '2023-11-15 06:09:57'),
(1096, 089, 'Kilogram', 4, 8, 18, '2023-11-15 06:09:57', '2023-11-15 06:09:57'),
(1097, 089, 'Kilogram', 4, 8, 18, '2023-11-15 06:09:57', '2023-11-15 06:09:57'),
(1098, 089, 'Kilogram', 4, 8, 18, '2023-11-15 06:09:57', '2023-11-15 06:09:57'),
(1099, 089, 'Kilogram', 4, 8, 18, '2023-11-15 06:09:57', '2023-11-15 06:09:57'),
(1100, 089, 'Kilogram', 4, 8, 18, '2023-11-15 06:09:57', '2023-11-15 06:09:57'),
(1101, 089, 'Kilogram', 4, 8, 18, '2023-11-15 06:09:57', '2023-11-15 06:09:57'),
(1102, 089, 'Kilogram', 4, 8, 18, '2023-11-15 06:09:57', '2023-11-15 06:09:57'),
(1103, 089, 'Kilogram', 4, 8, 18, '2023-11-15 06:09:57', '2023-11-15 06:09:57'),
(1104, 090, 'Kilogram', 4, 8, 10, '2023-11-15 06:09:57', '2023-11-15 06:09:57'),
(1105, 090, 'Kilogram', 4, 8, 10, '2023-11-15 06:09:57', '2023-11-15 06:09:57'),
(1106, 090, 'Kilogram', 4, 8, 10, '2023-11-15 06:09:57', '2023-11-15 06:09:57'),
(1107, 090, 'Kilogram', 4, 8, 10, '2023-11-15 06:09:57', '2023-11-15 06:09:57'),
(1108, 090, 'Kilogram', 4, 8, 10, '2023-11-15 06:09:57', '2023-11-15 06:09:57'),
(1109, 090, 'Kilogram', 4, 8, 10, '2023-11-15 06:09:57', '2023-11-15 06:09:57'),
(1110, 090, 'Kilogram', 4, 8, 10, '2023-11-15 06:09:57', '2023-11-15 06:09:57'),
(1111, 090, 'Kilogram', 4, 8, 10, '2023-11-15 06:09:57', '2023-11-15 06:09:57'),
(1112, 090, 'Kilogram', 4, 8, 10, '2023-11-15 06:09:57', '2023-11-15 06:09:57'),
(1113, 090, 'Kilogram', 4, 8, 10, '2023-11-15 06:09:57', '2023-11-15 06:09:57'),
(1114, 090, 'Kilogram', 4, 8, 10, '2023-11-15 06:09:57', '2023-11-15 06:09:57'),
(1115, 091, 'Kilogram', 4, 8, 10, '2023-11-15 06:09:57', '2023-11-15 06:09:57'),
(1116, 091, 'Kilogram', 4, 8, 5, '2023-11-15 06:09:57', '2023-11-15 06:09:57'),
(1117, 091, 'Kilogram', 4, 8, 5, '2023-11-15 06:09:57', '2023-11-15 06:09:57'),
(1118, 091, 'Kilogram', 4, 8, 5, '2023-11-15 06:09:57', '2023-11-15 06:09:57'),
(1119, 091, 'Kilogram', 4, 8, 5, '2023-11-15 06:09:57', '2023-11-15 06:09:57'),
(1120, 091, 'Kilogram', 4, 8, 5, '2023-11-15 06:09:57', '2023-11-15 06:09:57'),
(1121, 092, 'Kilogram', 4, 8, 5, '2023-11-15 06:09:57', '2023-11-15 06:09:57'),
(1122, 092, 'Kilogram', 4, 8, 5, '2023-11-15 06:09:57', '2023-11-15 06:09:57'),
(1123, 092, 'Kilogram', 4, 8, 5, '2023-11-15 06:09:57', '2023-11-15 06:09:57'),
(1124, 092, 'Kilogram', 4, 8, 5, '2023-11-15 06:09:57', '2023-11-15 06:09:57'),
(1125, 092, 'Kilogram', 4, 8, 5, '2023-11-15 06:09:57', '2023-11-15 06:09:57'),
(1126, 093, 'Kilogram', 4, 8, 5, '2023-11-15 06:09:57', '2023-11-15 06:09:57'),
(1127, 093, 'Kilogram', 4, 8, 5, '2023-11-15 06:09:57', '2023-11-15 06:09:57'),
(1128, 093, 'Kilogram', 4, 8, 5, '2023-11-15 06:09:57', '2023-11-15 06:09:57'),
(1129, 093, 'Kilogram', 4, 8, 5, '2023-11-15 06:09:57', '2023-11-15 06:09:57'),
(1130, 093, 'Kilogram', 4, 8, 5, '2023-11-15 06:09:57', '2023-11-15 06:09:57'),
(1131, 093, 'Kilogram', 4, 8, 5, '2023-11-15 06:09:57', '2023-11-15 06:09:57'),
(1132, 093, 'Kilogram', 4, 8, 5, '2023-11-15 06:09:57', '2023-11-15 06:09:57'),
(1133, 093, 'Kilogram', 4, 8, 5, '2023-11-15 06:09:57', '2023-11-15 06:09:57'),
(1134, 093, 'Kilogram', 4, 8, 5, '2023-11-15 06:09:57', '2023-11-15 06:09:57'),
(1135, 093, 'Kilogram', 4, 8, 5, '2023-11-15 06:09:57', '2023-11-15 06:09:57'),
(1136, 094, 'Kilogram', 4, 8, 5, '2023-11-15 06:09:57', '2023-11-15 06:09:57'),
(1137, 094, 'Kilogram', 4, 8, 5, '2023-11-15 06:09:57', '2023-11-15 06:09:57'),
(1138, 094, 'Kilogram', 4, 8, 10, '2023-11-15 06:09:57', '2023-11-15 06:09:57'),
(1139, 094, 'Kilogram', 4, 8, 10, '2023-11-15 06:09:57', '2023-11-15 06:09:57'),
(1140, 094, 'Kilogram', 4, 8, 10, '2023-11-15 06:09:57', '2023-11-15 06:09:57'),
(1141, 094, 'Kilogram', 4, 8, 10, '2023-11-15 06:09:57', '2023-11-15 06:09:57'),
(1142, 094, 'Kilogram', 4, 8, 15, '2023-11-15 06:09:57', '2023-11-15 06:09:57'),
(1143, 095, 'Kilogram', 4, 8, 15, '2023-11-15 06:09:57', '2023-11-15 06:09:57'),
(1144, 095, 'Kilogram', 4, 8, 15, '2023-11-15 06:09:57', '2023-11-15 06:09:57'),
(1145, 095, 'Kilogram', 4, 8, 15, '2023-11-15 06:09:57', '2023-11-15 06:09:57'),
(1146, 095, 'Kilogram', 4, 8, 15, '2023-11-15 06:09:57', '2023-11-15 06:09:57'),
(1147, 095, 'Kilogram', 4, 8, 15, '2023-11-15 06:09:57', '2023-11-15 06:09:57'),
(1148, 095, 'Kilogram', 4, 8, 15, '2023-11-15 06:09:57', '2023-11-15 06:09:57'),
(1149, 096, 'Kilogram', 4, 8, 15, '2023-11-15 06:09:57', '2023-11-15 06:09:57'),
(1150, 096, 'Kilogram', 4, 8, 15, '2023-11-15 06:09:57', '2023-11-15 06:09:57'),
(1151, 096, 'Kilogram', 4, 8, 15, '2023-11-15 06:09:57', '2023-11-15 06:09:57'),
(1152, 096, 'Kilogram', 4, 8, 15, '2023-11-15 06:09:57', '2023-11-15 06:09:57'),
(1153, 096, 'Kilogram', 4, 8, 15, '2023-11-15 06:09:57', '2023-11-15 06:09:57'),
(1154, 096, 'Kilogram', 4, 8, 15, '2023-11-15 06:09:57', '2023-11-15 06:09:57'),
(1155, 096, 'Kilogram', 4, 8, 15, '2023-11-15 06:09:57', '2023-11-15 06:09:57'),
(1156, 096, 'Kilogram', 4, 8, 15, '2023-11-15 06:09:57', '2023-11-15 06:09:57'),
(1157, 097, 'Kilogram', 4, 8, 15, '2023-11-15 06:09:57', '2023-11-15 06:09:57'),
(1158, 097, 'Kilogram', 4, 8, 15, '2023-11-15 06:09:57', '2023-11-15 06:09:57'),
(1159, 097, 'Kilogram', 4, 8, 15, '2023-11-15 06:09:57', '2023-11-15 06:09:57'),
(1160, 097, 'Kilogram', 4, 8, 15, '2023-11-15 06:09:57', '2023-11-15 06:09:57'),
(1161, 097, 'Kilogram', 4, 8, 15, '2023-11-15 06:09:57', '2023-11-15 06:09:57'),
(1162, 098, 'Kilogram', 4, 8, 18, '2023-11-15 06:09:57', '2023-11-15 06:09:57'),
(1163, 098, 'Kilogram', 4, 8, 18, '2023-11-15 06:09:57', '2023-11-15 06:09:57'),
(1164, 098, 'Kilogram', 4, 8, 18, '2023-11-15 06:09:57', '2023-11-15 06:09:57'),
(1165, 098, 'Kilogram', 4, 8, 18, '2023-11-15 06:09:57', '2023-11-15 06:09:57'),
(1166, 098, 'Kilogram', 4, 8, 18 '2023-11-15 06:09:57', '2023-11-15 06:09:57'),
(1167, 098, 'Kilogram', 4, 8, 18, '2023-11-15 06:09:57', '2023-11-15 06:09:57'),
(1168, 099, 'Kilogram', 4, 8, 19, '2023-11-15 06:09:57', '2023-11-15 06:09:57'),
(1169, 099, 'Kilogram', 4, 8, 19, '2023-11-15 06:09:57', '2023-11-15 06:09:57'),
(1170, 099, 'Kilogram', 4, 8, 21, '2023-11-15 06:09:57', '2023-11-15 06:09:57'),
(1171, 099, 'Kilogram', 4, 8, 21, '2023-11-15 06:09:57', '2023-11-15 06:09:57'),
(1172, 099, 'Kilogram', 4, 8, 20, '2023-11-15 06:09:57', '2023-11-15 06:09:57'),
(1173, 099, 'Kilogram', 4, 8, 20, '2023-11-15 06:09:57', '2023-11-15 06:09:57'),
(1174, 099, 'Kilogram', 4, 8, 20, '2023-11-15 06:09:57', '2023-11-15 06:09:57'),
(1175, 099, 'Kilogram', 4, 8, 20, '2023-11-15 06:09:57', '2023-11-15 06:09:57'),
(1176, 100, 'Kilogram', 4, 8, 16, '2023-11-15 06:09:57', '2023-11-15 06:09:57'),
(1177, 100, 'Kilogram', 4, 8, 18, '2023-11-15 06:09:57', '2023-11-15 06:09:57'),
(1178, 100, 'Kilogram', 4, 8, 16, '2023-11-15 06:09:57', '2023-11-15 06:09:57'),
(1179, 100, 'Kilogram', 4, 8, 16, '2023-11-15 06:09:57', '2023-11-15 06:09:57'),
(1180, 100, 'Kilogram', 4, 8, 16, '2023-11-15 06:09:57', '2023-11-15 06:09:57'),
(1181, 100, 'Kilogram', 4, 8, 16, '2023-11-15 06:09:57', '2023-11-15 06:09:57'),
(1182, 100, 'Kilogram', 4, 8, 16, '2023-11-15 06:09:57', '2023-11-15 06:09:57'),
(1183, 100, 'Kilogram', 4, 8, 16, '2023-11-15 06:09:57', '2023-11-15 06:09:57'),
(1184, 100, 'Kilogram', 4, 8, 16, '2023-11-15 06:09:57', '2023-11-15 06:09:57'),
(1185, 100, 'Kilogram', 4, 8, 16, '2023-11-15 06:09:57', '2023-11-15 06:09:57');

-- --------------------------------------------------------

--
-- Table structure for table `bulan`
--

CREATE TABLE `bulan` (
  `id` bigint(20) UNSIGNED NOT NULL,
  `nama` varchar(128) NOT NULL,
  `created_at` timestamp NULL DEFAULT NULL,
  `updated_at` timestamp NULL DEFAULT NULL
) ENGINE=InnoDB DEFAULT CHARSET=utf8mb4 COLLATE=utf8mb4_general_ci;

--
-- Dumping data for table `bulan`
--

INSERT INTO `bulan` (`id`, `nama`, `created_at`, `updated_at`) VALUES
(1, 'Januari', '2023-10-27 15:56:39', '2023-10-27 15:57:25'),
(2, 'Februari', '2023-10-27 15:57:00', '2023-10-27 15:57:00'),
(3, 'Maret', '2023-10-27 15:57:15', '2023-10-27 15:57:15'),
(4, 'April', '2023-10-28 15:49:39', '2023-10-28 15:49:39'),
(5, 'Mei', '2023-10-28 15:49:45', '2023-10-28 15:49:45'),
(6, 'Juni', '2023-10-28 15:49:51', '2023-10-28 15:49:51'),
(7, 'Juli', '2023-10-28 15:49:58', '2023-10-28 15:49:58'),
(8, 'Agustus', '2023-10-28 15:50:04', '2023-10-28 15:50:04'),
(9, 'September', '2023-10-28 15:50:11', '2023-10-28 15:50:11'),
(10, 'Oktober', '2023-10-28 15:50:19', '2023-10-28 15:50:19'),
(11, 'November', '2023-10-28 15:50:33', '2023-10-28 15:50:33'),
(12, 'Desember', '2023-10-28 15:50:41', '2023-10-28 15:50:41');

-- --------------------------------------------------------

--
-- Table structure for table `migrations`
--

CREATE TABLE `migrations` (
  `id` int(10) UNSIGNED NOT NULL,
  `migration` varchar(255) NOT NULL,
  `batch` int(11) NOT NULL
) ENGINE=InnoDB DEFAULT CHARSET=utf8mb4 COLLATE=utf8mb4_unicode_ci;

--
-- Dumping data for table `migrations`
--

INSERT INTO `migrations` (`id`, `migration`, `batch`) VALUES
(1, '2019_12_14_000001_create_personal_access_tokens_table', 1),
(2, '2022_09_19_134504_make_kasus_table', 1),
(3, '2022_09_19_145703_create_puskesmas_table', 2),
(4, '2022_09_19_150923_create_kecamatan_table', 3),
(6, '2022_09_19_151045_create_kelurahan_table', 4);

-- --------------------------------------------------------

--
-- Table structure for table `personal_access_tokens`
--

CREATE TABLE `personal_access_tokens` (
  `id` bigint(20) UNSIGNED NOT NULL,
  `tokenable_type` varchar(255) NOT NULL,
  `tokenable_id` bigint(20) UNSIGNED NOT NULL,
  `name` varchar(255) NOT NULL,
  `token` varchar(64) NOT NULL,
  `abilities` text DEFAULT NULL,
  `last_used_at` timestamp NULL DEFAULT NULL,
  `expires_at` timestamp NULL DEFAULT NULL,
  `created_at` timestamp NULL DEFAULT NULL,
  `updated_at` timestamp NULL DEFAULT NULL
) ENGINE=InnoDB DEFAULT CHARSET=utf8mb4 COLLATE=utf8mb4_unicode_ci;

-- --------------------------------------------------------

--
-- Table structure for table `tahun`
--

CREATE TABLE `tahun` (
  `id` bigint(20) UNSIGNED NOT NULL,
  `nama` varchar(128) NOT NULL,
  `created_at` timestamp NULL DEFAULT NULL,
  `updated_at` timestamp NULL DEFAULT NULL
) ENGINE=InnoDB DEFAULT CHARSET=utf8mb4 COLLATE=utf8mb4_general_ci;

--
-- Dumping data for table `tahun`
--

INSERT INTO `tahun` (`id`, `nama`, `created_at`, `updated_at`) VALUES
(2, '2022', '2023-10-27 11:40:02', '2023-10-28 15:50:50'),
(3, '2023', '2023-10-27 11:40:08', '2023-10-28 15:50:57'),
(4, '2024', '2023-10-28 15:51:01', '2023-10-28 15:51:01');

-- --------------------------------------------------------

--
-- Table structure for table `users`
--

CREATE TABLE `users` (
  `id` bigint(20) UNSIGNED NOT NULL,
  `nama` varchar(255) NOT NULL,
  `password` varchar(255) NOT NULL,
  `role` int(20) DEFAULT NULL,
  `created_at` timestamp NULL DEFAULT NULL,
  `updated_at` timestamp NULL DEFAULT NULL
) ENGINE=InnoDB DEFAULT CHARSET=utf8mb4 COLLATE=utf8mb4_unicode_ci;

--
-- Dumping data for table `users`
--

INSERT INTO `users` (`id`, `nama`, `password`, `role`, `created_at`, `updated_at`) VALUES
(1, 'Mike', '$2y$10$spWAFeQSGCYEEZWDZakACOhVmQ1MiBZhYbeIJ5UHp2jiTpeLUNbxG', 1, NULL, '2023-11-13 08:16:51');

--
-- Indexes for dumped tables
--

--
-- Indexes for table `barang`
--
ALTER TABLE `barang`
  ADD PRIMARY KEY (`id`);

--
-- Indexes for table `barang_tahun_bulan`
--
ALTER TABLE `barang_tahun_bulan`
  ADD PRIMARY KEY (`id`),
  ADD KEY `barang_id` (`barang_id`,`tahun_id`,`bulan_id`),
  ADD KEY `tahun_id` (`tahun_id`),
  ADD KEY `bulan_id` (`bulan_id`);

--
-- Indexes for table `bulan`
--
ALTER TABLE `bulan`
  ADD PRIMARY KEY (`id`);

--
-- Indexes for table `migrations`
--
ALTER TABLE `migrations`
  ADD PRIMARY KEY (`id`);

--
-- Indexes for table `personal_access_tokens`
--
ALTER TABLE `personal_access_tokens`
  ADD PRIMARY KEY (`id`),
  ADD UNIQUE KEY `personal_access_tokens_token_unique` (`token`),
  ADD KEY `personal_access_tokens_tokenable_type_tokenable_id_index` (`tokenable_type`,`tokenable_id`);

--
-- Indexes for table `tahun`
--
ALTER TABLE `tahun`
  ADD PRIMARY KEY (`id`);

--
-- Indexes for table `users`
--
ALTER TABLE `users`
  ADD PRIMARY KEY (`id`);

--
-- AUTO_INCREMENT for dumped tables
--

--
-- AUTO_INCREMENT for table `barang`
--
ALTER TABLE `barang`
  MODIFY `id` bigint(20) UNSIGNED NOT NULL AUTO_INCREMENT, AUTO_INCREMENT=556;

--
-- AUTO_INCREMENT for table `barang_tahun_bulan`
--
ALTER TABLE `barang_tahun_bulan`
  MODIFY `id` bigint(20) UNSIGNED NOT NULL AUTO_INCREMENT, AUTO_INCREMENT=1056;

--
-- AUTO_INCREMENT for table `bulan`
--
ALTER TABLE `bulan`
  MODIFY `id` bigint(20) UNSIGNED NOT NULL AUTO_INCREMENT, AUTO_INCREMENT=14;

--
-- AUTO_INCREMENT for table `migrations`
--
ALTER TABLE `migrations`
  MODIFY `id` int(10) UNSIGNED NOT NULL AUTO_INCREMENT, AUTO_INCREMENT=7;

--
-- AUTO_INCREMENT for table `personal_access_tokens`
--
ALTER TABLE `personal_access_tokens`
  MODIFY `id` bigint(20) UNSIGNED NOT NULL AUTO_INCREMENT;

--
-- AUTO_INCREMENT for table `tahun`
--
ALTER TABLE `tahun`
  MODIFY `id` bigint(20) UNSIGNED NOT NULL AUTO_INCREMENT, AUTO_INCREMENT=12;

--
-- AUTO_INCREMENT for table `users`
--
ALTER TABLE `users`
  MODIFY `id` bigint(20) UNSIGNED NOT NULL AUTO_INCREMENT, AUTO_INCREMENT=16;

--
-- Constraints for dumped tables
--

--
-- Constraints for table `barang_tahun_bulan`
--
ALTER TABLE `barang_tahun_bulan`
  ADD CONSTRAINT `barang_tahun_bulan_ibfk_1` FOREIGN KEY (`barang_id`) REFERENCES `barang` (`id`) ON DELETE CASCADE ON UPDATE CASCADE,
  ADD CONSTRAINT `barang_tahun_bulan_ibfk_3` FOREIGN KEY (`tahun_id`) REFERENCES `tahun` (`id`) ON DELETE CASCADE ON UPDATE CASCADE,
  ADD CONSTRAINT `barang_tahun_bulan_ibfk_4` FOREIGN KEY (`bulan_id`) REFERENCES `bulan` (`id`) ON DELETE CASCADE ON UPDATE CASCADE;
COMMIT;

/*!40101 SET CHARACTER_SET_CLIENT=@OLD_CHARACTER_SET_CLIENT */;
/*!40101 SET CHARACTER_SET_RESULTS=@OLD_CHARACTER_SET_RESULTS */;
/*!40101 SET COLLATION_CONNECTION=@OLD_COLLATION_CONNECTION */;
